comparison_family,arm,max_rounds,subset,n_paired,comparator_exact_match,target_exact_match,comparator_f1,target_f1,exact_match_difference,f1_difference,exact_match_paired_bootstrap_ci95,f1_paired_bootstrap_ci95,mean_cold_latency_difference_ms,median_cold_latency_difference_ms,mean_cold_latency_difference_bootstrap_ci95,n_latency_ratio_pairs,median_paired_cold_latency_ratio,mean_paired_cold_latency_ratio,mean_paired_cold_latency_ratio_bootstrap_ci95,difference_direction,latency_ratio_direction,target_only_correct,comparator_only_correct,paired_example_ids,baseline_exact_match,enhanced_exact_match,paired_bootstrap_ci95,enhanced_correct,baseline_correct_enhanced_wrong,basic_cold_p50_ms,enhanced_cold_p50_ms,uncertainty_note,target_arm,target_max_rounds,comparator_arm,comparator_max_rounds
vs_basic,expanded_rag,1,all_evaluated_questions,96,0.010416666666666666,0.010416666666666666,0.023734469059062714,0.025981201085206504,0.0,0.0022467320261437907,,"[-0.0036764705882352936, 0.010416666666666666]",892.4565638305163,902.568353980314,"[842.5758629003515, 940.622301625884]",96,3.181668218627966,3.1562676558924956,"[2.959598735140212, 3.3511352489277906]",target_minus_comparator,target_over_comparator,0,0,"[""2hop__104095_40501"", ""2hop__106864_80460"", ""2hop__126306_396277"", ""2hop__131455_11960"", ""2hop__132954_533882"", ""2hop__159146_120065"", ""2hop__161151_50883"", ""2hop__16632_110014"", ""2hop__215896_460425"", ""2hop__227031_144857"", ""2hop__230022_68489"", ""2hop__276637_126089"", ""2hop__283_574195"", ""2hop__31124_31122"", ""2hop__362107_652514"", ""2hop__424294_19033"", ""2hop__475808_74481"", ""2hop__510679_57816"", ""2hop__564984_139312"", ""2hop__60880_87295"", ""2hop__66167_90991"", ""2hop__748615_123956"", ""2hop__754682_730690"", ""2hop__77775_162341"", ""2hop__818302_25719"", ""2hop__83460_456238"", ""2hop__835171_141338"", ""2hop__83800_747874"", ""2hop__84103_345851"", ""2hop__85463_50252"", ""2hop__88406_83289"", ""2hop__96410_47902"", ""3hop1__103440_443779_52195"", ""3hop1__131820_59747_90139"", ""3hop1__140786_2053_52946"", ""3hop1__145290_443779_52195"", ""3hop1__243276_42197_18397"", ""3hop1__248929_160713_77246"", ""3hop1__312146_720914_27537"", ""3hop1__33845_42197_18397"", ""3hop1__351696_42197_18397"", ""3hop1__389069_132457_51423"", ""3hop1__459153_544076_84283"", ""3hop1__475351_160713_77246"", ""3hop1__487301_443779_52195"", ""3hop1__491648_339990_54675"", ""3hop1__518381_709625_84283"", ""3hop1__529164_567566_84283"", ""3hop1__53690_161697_85460"", ""3hop1__558449_503371_21711"", ""3hop1__572324_568433_51423"", ""3hop1__593288_720914_41132"", ""3hop1__617062_127905_87812"", ""3hop1__754160_831637_91775"", ""3hop1__796649_720914_41132"", ""3hop1__836699_15840_36002"", ""3hop1__838590_831637_91775"", ""3hop1__857241_503371_21711"", ""3hop1__857_846_7870"", ""3hop2__127483_156850_10557"", ""3hop2__156850_90098_10557"", ""3hop2__30152_107291_20999"", ""3hop2__781093_223623_162182"", ""3hop2__89048_228_66294"", ""4hop1__151903_5274_458768_33637"", ""4hop1__151903_5274_458768_33677"", ""4hop1__166471_49925_13759_736921"", ""4hop1__17192_17130_70784_61381"", ""4hop1__228808_49925_13759_736921"", ""4hop1__277409_49925_13759_736921"", ""4hop1__342858_131850_33897_81096"", ""4hop1__342858_131850_33952_33939"", ""4hop1__343844_17130_70784_79935"", ""4hop1__37608_32392_823060_610794"", ""4hop1__443274_17130_70784_61381"", ""4hop1__525129_315334_131926_90707"", ""4hop1__708184_153080_159767_81096"", ""4hop1__711307_49925_13759_736921"", ""4hop1__777217_32392_823060_610794"", ""4hop1__813171_153080_33897_81096"", ""4hop1__83058_53706_795904_580996"", ""4hop1__860115_798482_131926_89261"", ""4hop1__9007_698949_157828_162309"", ""4hop1__94201_642284_131926_89261"", ""4hop2__160585_14670_8987_8529"", ""4hop2__161602_474028_88460_21057"", ""4hop2__5206_39078_8987_8974"", ""4hop2__9988_729371_70784_61381"", ""4hop3__316459_41402_157761_13584"", ""4hop3__387712_132409_223216_35031"", ""4hop3__405277_88460_30152_20999"", ""4hop3__439878_88460_30152_20999"", ""4hop3__524186_219173_862998_72134"", ""4hop3__661103_698586_57596_54362"", ""4hop3__673447_132409_145082_35031"", ""4hop3__862_846_613770_7713""]",0.010416666666666666,0.010416666666666666,,1,0,393.53410399053246,1378.4762709983625,,,,,
vs_basic,expanded_rag,1,basic_rag_exact_match_failures,95,0.0,0.0,0.013457989786000215,0.01572837162294552,0.0,0.0022703818369453044,,,896.803522828084,903.4349579596892,,95,3.214272024663368,3.170182539617028,,target_minus_comparator,target_over_comparator,0,0,"[""2hop__104095_40501"", ""2hop__106864_80460"", ""2hop__126306_396277"", ""2hop__131455_11960"", ""2hop__132954_533882"", ""2hop__159146_120065"", ""2hop__161151_50883"", ""2hop__16632_110014"", ""2hop__215896_460425"", ""2hop__227031_144857"", ""2hop__230022_68489"", ""2hop__276637_126089"", ""2hop__283_574195"", ""2hop__362107_652514"", ""2hop__424294_19033"", ""2hop__475808_74481"", ""2hop__510679_57816"", ""2hop__564984_139312"", ""2hop__60880_87295"", ""2hop__66167_90991"", ""2hop__748615_123956"", ""2hop__754682_730690"", ""2hop__77775_162341"", ""2hop__818302_25719"", ""2hop__83460_456238"", ""2hop__835171_141338"", ""2hop__83800_747874"", ""2hop__84103_345851"", ""2hop__85463_50252"", ""2hop__88406_83289"", ""2hop__96410_47902"", ""3hop1__103440_443779_52195"", ""3hop1__131820_59747_90139"", ""3hop1__140786_2053_52946"", ""3hop1__145290_443779_52195"", ""3hop1__243276_42197_18397"", ""3hop1__248929_160713_77246"", ""3hop1__312146_720914_27537"", ""3hop1__33845_42197_18397"", ""3hop1__351696_42197_18397"", ""3hop1__389069_132457_51423"", ""3hop1__459153_544076_84283"", ""3hop1__475351_160713_77246"", ""3hop1__487301_443779_52195"", ""3hop1__491648_339990_54675"", ""3hop1__518381_709625_84283"", ""3hop1__529164_567566_84283"", ""3hop1__53690_161697_85460"", ""3hop1__558449_503371_21711"", ""3hop1__572324_568433_51423"", ""3hop1__593288_720914_41132"", ""3hop1__617062_127905_87812"", ""3hop1__754160_831637_91775"", ""3hop1__796649_720914_41132"", ""3hop1__836699_15840_36002"", ""3hop1__838590_831637_91775"", ""3hop1__857241_503371_21711"", ""3hop1__857_846_7870"", ""3hop2__127483_156850_10557"", ""3hop2__156850_90098_10557"", ""3hop2__30152_107291_20999"", ""3hop2__781093_223623_162182"", ""3hop2__89048_228_66294"", ""4hop1__151903_5274_458768_33637"", ""4hop1__151903_5274_458768_33677"", ""4hop1__166471_49925_13759_736921"", ""4hop1__17192_17130_70784_61381"", ""4hop1__228808_49925_13759_736921"", ""4hop1__277409_49925_13759_736921"", ""4hop1__342858_131850_33897_81096"", ""4hop1__342858_131850_33952_33939"", ""4hop1__343844_17130_70784_79935"", ""4hop1__37608_32392_823060_610794"", ""4hop1__443274_17130_70784_61381"", ""4hop1__525129_315334_131926_90707"", ""4hop1__708184_153080_159767_81096"", ""4hop1__711307_49925_13759_736921"", ""4hop1__777217_32392_823060_610794"", ""4hop1__813171_153080_33897_81096"", ""4hop1__83058_53706_795904_580996"", ""4hop1__860115_798482_131926_89261"", ""4hop1__9007_698949_157828_162309"", ""4hop1__94201_642284_131926_89261"", ""4hop2__160585_14670_8987_8529"", ""4hop2__161602_474028_88460_21057"", ""4hop2__5206_39078_8987_8974"", ""4hop2__9988_729371_70784_61381"", ""4hop3__316459_41402_157761_13584"", ""4hop3__387712_132409_223216_35031"", ""4hop3__405277_88460_30152_20999"", ""4hop3__439878_88460_30152_20999"", ""4hop3__524186_219173_862998_72134"", ""4hop3__661103_698586_57596_54362"", ""4hop3__673447_132409_145082_35031"", ""4hop3__862_846_613770_7713""]",0.0,0.0,,0,0,392.94120797421783,1387.0435419958085,Posthoc basic-failure subset; population confidence intervals are withheld.,,,,
vs_basic,incremental_kv_bf16,5,all_evaluated_questions,96,0.010416666666666666,0.03125,0.023734469059062714,0.04877754281537176,0.020833333333333332,0.02504307375630905,"[0.0, 0.052083333333333336]","[-5.211802086802095e-05, 0.058202928607340366]",1810.0436292928255,1679.648437013384,"[1667.6769406038904, 1959.7187372050485]",96,5.311461864038195,5.484196634556896,"[5.001094675778818, 5.995283162688767]",target_minus_comparator,target_over_comparator,2,0,"[""2hop__104095_40501"", ""2hop__106864_80460"", ""2hop__126306_396277"", ""2hop__131455_11960"", ""2hop__132954_533882"", ""2hop__159146_120065"", ""2hop__161151_50883"", ""2hop__16632_110014"", ""2hop__215896_460425"", ""2hop__227031_144857"", ""2hop__230022_68489"", ""2hop__276637_126089"", ""2hop__283_574195"", ""2hop__31124_31122"", ""2hop__362107_652514"", ""2hop__424294_19033"", ""2hop__475808_74481"", ""2hop__510679_57816"", ""2hop__564984_139312"", ""2hop__60880_87295"", ""2hop__66167_90991"", ""2hop__748615_123956"", ""2hop__754682_730690"", ""2hop__77775_162341"", ""2hop__818302_25719"", ""2hop__83460_456238"", ""2hop__835171_141338"", ""2hop__83800_747874"", ""2hop__84103_345851"", ""2hop__85463_50252"", ""2hop__88406_83289"", ""2hop__96410_47902"", ""3hop1__103440_443779_52195"", ""3hop1__131820_59747_90139"", ""3hop1__140786_2053_52946"", ""3hop1__145290_443779_52195"", ""3hop1__243276_42197_18397"", ""3hop1__248929_160713_77246"", ""3hop1__312146_720914_27537"", ""3hop1__33845_42197_18397"", ""3hop1__351696_42197_18397"", ""3hop1__389069_132457_51423"", ""3hop1__459153_544076_84283"", ""3hop1__475351_160713_77246"", ""3hop1__487301_443779_52195"", ""3hop1__491648_339990_54675"", ""3hop1__518381_709625_84283"", ""3hop1__529164_567566_84283"", ""3hop1__53690_161697_85460"", ""3hop1__558449_503371_21711"", ""3hop1__572324_568433_51423"", ""3hop1__593288_720914_41132"", ""3hop1__617062_127905_87812"", ""3hop1__754160_831637_91775"", ""3hop1__796649_720914_41132"", ""3hop1__836699_15840_36002"", ""3hop1__838590_831637_91775"", ""3hop1__857241_503371_21711"", ""3hop1__857_846_7870"", ""3hop2__127483_156850_10557"", ""3hop2__156850_90098_10557"", ""3hop2__30152_107291_20999"", ""3hop2__781093_223623_162182"", ""3hop2__89048_228_66294"", ""4hop1__151903_5274_458768_33637"", ""4hop1__151903_5274_458768_33677"", ""4hop1__166471_49925_13759_736921"", ""4hop1__17192_17130_70784_61381"", ""4hop1__228808_49925_13759_736921"", ""4hop1__277409_49925_13759_736921"", ""4hop1__342858_131850_33897_81096"", ""4hop1__342858_131850_33952_33939"", ""4hop1__343844_17130_70784_79935"", ""4hop1__37608_32392_823060_610794"", ""4hop1__443274_17130_70784_61381"", ""4hop1__525129_315334_131926_90707"", ""4hop1__708184_153080_159767_81096"", ""4hop1__711307_49925_13759_736921"", ""4hop1__777217_32392_823060_610794"", ""4hop1__813171_153080_33897_81096"", ""4hop1__83058_53706_795904_580996"", ""4hop1__860115_798482_131926_89261"", ""4hop1__9007_698949_157828_162309"", ""4hop1__94201_642284_131926_89261"", ""4hop2__160585_14670_8987_8529"", ""4hop2__161602_474028_88460_21057"", ""4hop2__5206_39078_8987_8974"", ""4hop2__9988_729371_70784_61381"", ""4hop3__316459_41402_157761_13584"", ""4hop3__387712_132409_223216_35031"", ""4hop3__405277_88460_30152_20999"", ""4hop3__439878_88460_30152_20999"", ""4hop3__524186_219173_862998_72134"", ""4hop3__661103_698586_57596_54362"", ""4hop3__673447_132409_145082_35031"", ""4hop3__862_846_613770_7713""]",0.010416666666666666,0.03125,"[0.0, 0.052083333333333336]",3,0,393.53410399053246,2179.2024999740534,,,,,
vs_basic,incremental_kv_bf16,5,basic_rag_exact_match_failures,95,0.0,0.021052631578947368,0.013457989786000215,0.03876467484500726,0.021052631578947368,0.02530668505900704,,,1824.1736381167643,1717.0815819990821,,95,5.351895843239089,5.52283221721792,,target_minus_comparator,target_over_comparator,2,0,"[""2hop__104095_40501"", ""2hop__106864_80460"", ""2hop__126306_396277"", ""2hop__131455_11960"", ""2hop__132954_533882"", ""2hop__159146_120065"", ""2hop__161151_50883"", ""2hop__16632_110014"", ""2hop__215896_460425"", ""2hop__227031_144857"", ""2hop__230022_68489"", ""2hop__276637_126089"", ""2hop__283_574195"", ""2hop__362107_652514"", ""2hop__424294_19033"", ""2hop__475808_74481"", ""2hop__510679_57816"", ""2hop__564984_139312"", ""2hop__60880_87295"", ""2hop__66167_90991"", ""2hop__748615_123956"", ""2hop__754682_730690"", ""2hop__77775_162341"", ""2hop__818302_25719"", ""2hop__83460_456238"", ""2hop__835171_141338"", ""2hop__83800_747874"", ""2hop__84103_345851"", ""2hop__85463_50252"", ""2hop__88406_83289"", ""2hop__96410_47902"", ""3hop1__103440_443779_52195"", ""3hop1__131820_59747_90139"", ""3hop1__140786_2053_52946"", ""3hop1__145290_443779_52195"", ""3hop1__243276_42197_18397"", ""3hop1__248929_160713_77246"", ""3hop1__312146_720914_27537"", ""3hop1__33845_42197_18397"", ""3hop1__351696_42197_18397"", ""3hop1__389069_132457_51423"", ""3hop1__459153_544076_84283"", ""3hop1__475351_160713_77246"", ""3hop1__487301_443779_52195"", ""3hop1__491648_339990_54675"", ""3hop1__518381_709625_84283"", ""3hop1__529164_567566_84283"", ""3hop1__53690_161697_85460"", ""3hop1__558449_503371_21711"", ""3hop1__572324_568433_51423"", ""3hop1__593288_720914_41132"", ""3hop1__617062_127905_87812"", ""3hop1__754160_831637_91775"", ""3hop1__796649_720914_41132"", ""3hop1__836699_15840_36002"", ""3hop1__838590_831637_91775"", ""3hop1__857241_503371_21711"", ""3hop1__857_846_7870"", ""3hop2__127483_156850_10557"", ""3hop2__156850_90098_10557"", ""3hop2__30152_107291_20999"", ""3hop2__781093_223623_162182"", ""3hop2__89048_228_66294"", ""4hop1__151903_5274_458768_33637"", ""4hop1__151903_5274_458768_33677"", ""4hop1__166471_49925_13759_736921"", ""4hop1__17192_17130_70784_61381"", ""4hop1__228808_49925_13759_736921"", ""4hop1__277409_49925_13759_736921"", ""4hop1__342858_131850_33897_81096"", ""4hop1__342858_131850_33952_33939"", ""4hop1__343844_17130_70784_79935"", ""4hop1__37608_32392_823060_610794"", ""4hop1__443274_17130_70784_61381"", ""4hop1__525129_315334_131926_90707"", ""4hop1__708184_153080_159767_81096"", ""4hop1__711307_49925_13759_736921"", ""4hop1__777217_32392_823060_610794"", ""4hop1__813171_153080_33897_81096"", ""4hop1__83058_53706_795904_580996"", ""4hop1__860115_798482_131926_89261"", ""4hop1__9007_698949_157828_162309"", ""4hop1__94201_642284_131926_89261"", ""4hop2__160585_14670_8987_8529"", ""4hop2__161602_474028_88460_21057"", ""4hop2__5206_39078_8987_8974"", ""4hop2__9988_729371_70784_61381"", ""4hop3__316459_41402_157761_13584"", ""4hop3__387712_132409_223216_35031"", ""4hop3__405277_88460_30152_20999"", ""4hop3__439878_88460_30152_20999"", ""4hop3__524186_219173_862998_72134"", ""4hop3__661103_698586_57596_54362"", ""4hop3__673447_132409_145082_35031"", ""4hop3__862_846_613770_7713""]",0.0,0.021052631578947368,,2,0,392.94120797421783,2180.873541976325,Posthoc basic-failure subset; population confidence intervals are withheld.,,,,
vs_basic,iterative_text,5,all_evaluated_questions,96,0.010416666666666666,0.03125,0.023734469059062714,0.04877754281537176,0.020833333333333332,0.02504307375630905,"[0.0, 0.052083333333333336]","[-5.211802086802095e-05, 0.058202928607340366]",2176.7699222849237,2016.193166055018,"[1987.5268506949699, 2385.0619989099414]",96,6.186831808937752,6.283034898037945,"[5.730039429513997, 6.8691193228638285]",target_minus_comparator,target_over_comparator,2,0,"[""2hop__104095_40501"", ""2hop__106864_80460"", ""2hop__126306_396277"", ""2hop__131455_11960"", ""2hop__132954_533882"", ""2hop__159146_120065"", ""2hop__161151_50883"", ""2hop__16632_110014"", ""2hop__215896_460425"", ""2hop__227031_144857"", ""2hop__230022_68489"", ""2hop__276637_126089"", ""2hop__283_574195"", ""2hop__31124_31122"", ""2hop__362107_652514"", ""2hop__424294_19033"", ""2hop__475808_74481"", ""2hop__510679_57816"", ""2hop__564984_139312"", ""2hop__60880_87295"", ""2hop__66167_90991"", ""2hop__748615_123956"", ""2hop__754682_730690"", ""2hop__77775_162341"", ""2hop__818302_25719"", ""2hop__83460_456238"", ""2hop__835171_141338"", ""2hop__83800_747874"", ""2hop__84103_345851"", ""2hop__85463_50252"", ""2hop__88406_83289"", ""2hop__96410_47902"", ""3hop1__103440_443779_52195"", ""3hop1__131820_59747_90139"", ""3hop1__140786_2053_52946"", ""3hop1__145290_443779_52195"", ""3hop1__243276_42197_18397"", ""3hop1__248929_160713_77246"", ""3hop1__312146_720914_27537"", ""3hop1__33845_42197_18397"", ""3hop1__351696_42197_18397"", ""3hop1__389069_132457_51423"", ""3hop1__459153_544076_84283"", ""3hop1__475351_160713_77246"", ""3hop1__487301_443779_52195"", ""3hop1__491648_339990_54675"", ""3hop1__518381_709625_84283"", ""3hop1__529164_567566_84283"", ""3hop1__53690_161697_85460"", ""3hop1__558449_503371_21711"", ""3hop1__572324_568433_51423"", ""3hop1__593288_720914_41132"", ""3hop1__617062_127905_87812"", ""3hop1__754160_831637_91775"", ""3hop1__796649_720914_41132"", ""3hop1__836699_15840_36002"", ""3hop1__838590_831637_91775"", ""3hop1__857241_503371_21711"", ""3hop1__857_846_7870"", ""3hop2__127483_156850_10557"", ""3hop2__156850_90098_10557"", ""3hop2__30152_107291_20999"", ""3hop2__781093_223623_162182"", ""3hop2__89048_228_66294"", ""4hop1__151903_5274_458768_33637"", ""4hop1__151903_5274_458768_33677"", ""4hop1__166471_49925_13759_736921"", ""4hop1__17192_17130_70784_61381"", ""4hop1__228808_49925_13759_736921"", ""4hop1__277409_49925_13759_736921"", ""4hop1__342858_131850_33897_81096"", ""4hop1__342858_131850_33952_33939"", ""4hop1__343844_17130_70784_79935"", ""4hop1__37608_32392_823060_610794"", ""4hop1__443274_17130_70784_61381"", ""4hop1__525129_315334_131926_90707"", ""4hop1__708184_153080_159767_81096"", ""4hop1__711307_49925_13759_736921"", ""4hop1__777217_32392_823060_610794"", ""4hop1__813171_153080_33897_81096"", ""4hop1__83058_53706_795904_580996"", ""4hop1__860115_798482_131926_89261"", ""4hop1__9007_698949_157828_162309"", ""4hop1__94201_642284_131926_89261"", ""4hop2__160585_14670_8987_8529"", ""4hop2__161602_474028_88460_21057"", ""4hop2__5206_39078_8987_8974"", ""4hop2__9988_729371_70784_61381"", ""4hop3__316459_41402_157761_13584"", ""4hop3__387712_132409_223216_35031"", ""4hop3__405277_88460_30152_20999"", ""4hop3__439878_88460_30152_20999"", ""4hop3__524186_219173_862998_72134"", ""4hop3__661103_698586_57596_54362"", ""4hop3__673447_132409_145082_35031"", ""4hop3__862_846_613770_7713""]",0.010416666666666666,0.03125,"[0.0, 0.052083333333333336]",3,0,393.53410399053246,2555.0342295027804,,,,,
vs_basic,iterative_text,5,basic_rag_exact_match_failures,95,0.0,0.021052631578947368,0.013457989786000215,0.03876467484500726,0.021052631578947368,0.02530668505900704,,,2193.9493539185555,2023.0185410473496,,95,6.216908319499949,6.328668365194084,,target_minus_comparator,target_over_comparator,2,0,"[""2hop__104095_40501"", ""2hop__106864_80460"", ""2hop__126306_396277"", ""2hop__131455_11960"", ""2hop__132954_533882"", ""2hop__159146_120065"", ""2hop__161151_50883"", ""2hop__16632_110014"", ""2hop__215896_460425"", ""2hop__227031_144857"", ""2hop__230022_68489"", ""2hop__276637_126089"", ""2hop__283_574195"", ""2hop__362107_652514"", ""2hop__424294_19033"", ""2hop__475808_74481"", ""2hop__510679_57816"", ""2hop__564984_139312"", ""2hop__60880_87295"", ""2hop__66167_90991"", ""2hop__748615_123956"", ""2hop__754682_730690"", ""2hop__77775_162341"", ""2hop__818302_25719"", ""2hop__83460_456238"", ""2hop__835171_141338"", ""2hop__83800_747874"", ""2hop__84103_345851"", ""2hop__85463_50252"", ""2hop__88406_83289"", ""2hop__96410_47902"", ""3hop1__103440_443779_52195"", ""3hop1__131820_59747_90139"", ""3hop1__140786_2053_52946"", ""3hop1__145290_443779_52195"", ""3hop1__243276_42197_18397"", ""3hop1__248929_160713_77246"", ""3hop1__312146_720914_27537"", ""3hop1__33845_42197_18397"", ""3hop1__351696_42197_18397"", ""3hop1__389069_132457_51423"", ""3hop1__459153_544076_84283"", ""3hop1__475351_160713_77246"", ""3hop1__487301_443779_52195"", ""3hop1__491648_339990_54675"", ""3hop1__518381_709625_84283"", ""3hop1__529164_567566_84283"", ""3hop1__53690_161697_85460"", ""3hop1__558449_503371_21711"", ""3hop1__572324_568433_51423"", ""3hop1__593288_720914_41132"", ""3hop1__617062_127905_87812"", ""3hop1__754160_831637_91775"", ""3hop1__796649_720914_41132"", ""3hop1__836699_15840_36002"", ""3hop1__838590_831637_91775"", ""3hop1__857241_503371_21711"", ""3hop1__857_846_7870"", ""3hop2__127483_156850_10557"", ""3hop2__156850_90098_10557"", ""3hop2__30152_107291_20999"", ""3hop2__781093_223623_162182"", ""3hop2__89048_228_66294"", ""4hop1__151903_5274_458768_33637"", ""4hop1__151903_5274_458768_33677"", ""4hop1__166471_49925_13759_736921"", ""4hop1__17192_17130_70784_61381"", ""4hop1__228808_49925_13759_736921"", ""4hop1__277409_49925_13759_736921"", ""4hop1__342858_131850_33897_81096"", ""4hop1__342858_131850_33952_33939"", ""4hop1__343844_17130_70784_79935"", ""4hop1__37608_32392_823060_610794"", ""4hop1__443274_17130_70784_61381"", ""4hop1__525129_315334_131926_90707"", ""4hop1__708184_153080_159767_81096"", ""4hop1__711307_49925_13759_736921"", ""4hop1__777217_32392_823060_610794"", ""4hop1__813171_153080_33897_81096"", ""4hop1__83058_53706_795904_580996"", ""4hop1__860115_798482_131926_89261"", ""4hop1__9007_698949_157828_162309"", ""4hop1__94201_642284_131926_89261"", ""4hop2__160585_14670_8987_8529"", ""4hop2__161602_474028_88460_21057"", ""4hop2__5206_39078_8987_8974"", ""4hop2__9988_729371_70784_61381"", ""4hop3__316459_41402_157761_13584"", ""4hop3__387712_132409_223216_35031"", ""4hop3__405277_88460_30152_20999"", ""4hop3__439878_88460_30152_20999"", ""4hop3__524186_219173_862998_72134"", ""4hop3__661103_698586_57596_54362"", ""4hop3__673447_132409_145082_35031"", ""4hop3__862_846_613770_7713""]",0.0,0.021052631578947368,,2,0,392.94120797421783,2563.310666999314,Posthoc basic-failure subset; population confidence intervals are withheld.,,,,
vs_basic,relay_kv_bf16,5,all_evaluated_questions,96,0.010416666666666666,0.020833333333333332,0.023734469059062714,0.037793803418803416,0.010416666666666666,0.014059334359740706,"[-0.020833333333333332, 0.052083333333333336]","[-0.01585597961523126, 0.05240887292666267]",2527.28326525236,2423.6419385124464,"[2305.0238057074544, 2765.072081581911]",96,6.78418449305843,7.175307888265884,"[6.554641006536672, 7.931489431805256]",target_minus_comparator,target_over_comparator,2,1,"[""2hop__104095_40501"", ""2hop__106864_80460"", ""2hop__126306_396277"", ""2hop__131455_11960"", ""2hop__132954_533882"", ""2hop__159146_120065"", ""2hop__161151_50883"", ""2hop__16632_110014"", ""2hop__215896_460425"", ""2hop__227031_144857"", ""2hop__230022_68489"", ""2hop__276637_126089"", ""2hop__283_574195"", ""2hop__31124_31122"", ""2hop__362107_652514"", ""2hop__424294_19033"", ""2hop__475808_74481"", ""2hop__510679_57816"", ""2hop__564984_139312"", ""2hop__60880_87295"", ""2hop__66167_90991"", ""2hop__748615_123956"", ""2hop__754682_730690"", ""2hop__77775_162341"", ""2hop__818302_25719"", ""2hop__83460_456238"", ""2hop__835171_141338"", ""2hop__83800_747874"", ""2hop__84103_345851"", ""2hop__85463_50252"", ""2hop__88406_83289"", ""2hop__96410_47902"", ""3hop1__103440_443779_52195"", ""3hop1__131820_59747_90139"", ""3hop1__140786_2053_52946"", ""3hop1__145290_443779_52195"", ""3hop1__243276_42197_18397"", ""3hop1__248929_160713_77246"", ""3hop1__312146_720914_27537"", ""3hop1__33845_42197_18397"", ""3hop1__351696_42197_18397"", ""3hop1__389069_132457_51423"", ""3hop1__459153_544076_84283"", ""3hop1__475351_160713_77246"", ""3hop1__487301_443779_52195"", ""3hop1__491648_339990_54675"", ""3hop1__518381_709625_84283"", ""3hop1__529164_567566_84283"", ""3hop1__53690_161697_85460"", ""3hop1__558449_503371_21711"", ""3hop1__572324_568433_51423"", ""3hop1__593288_720914_41132"", ""3hop1__617062_127905_87812"", ""3hop1__754160_831637_91775"", ""3hop1__796649_720914_41132"", ""3hop1__836699_15840_36002"", ""3hop1__838590_831637_91775"", ""3hop1__857241_503371_21711"", ""3hop1__857_846_7870"", ""3hop2__127483_156850_10557"", ""3hop2__156850_90098_10557"", ""3hop2__30152_107291_20999"", ""3hop2__781093_223623_162182"", ""3hop2__89048_228_66294"", ""4hop1__151903_5274_458768_33637"", ""4hop1__151903_5274_458768_33677"", ""4hop1__166471_49925_13759_736921"", ""4hop1__17192_17130_70784_61381"", ""4hop1__228808_49925_13759_736921"", ""4hop1__277409_49925_13759_736921"", ""4hop1__342858_131850_33897_81096"", ""4hop1__342858_131850_33952_33939"", ""4hop1__343844_17130_70784_79935"", ""4hop1__37608_32392_823060_610794"", ""4hop1__443274_17130_70784_61381"", ""4hop1__525129_315334_131926_90707"", ""4hop1__708184_153080_159767_81096"", ""4hop1__711307_49925_13759_736921"", ""4hop1__777217_32392_823060_610794"", ""4hop1__813171_153080_33897_81096"", ""4hop1__83058_53706_795904_580996"", ""4hop1__860115_798482_131926_89261"", ""4hop1__9007_698949_157828_162309"", ""4hop1__94201_642284_131926_89261"", ""4hop2__160585_14670_8987_8529"", ""4hop2__161602_474028_88460_21057"", ""4hop2__5206_39078_8987_8974"", ""4hop2__9988_729371_70784_61381"", ""4hop3__316459_41402_157761_13584"", ""4hop3__387712_132409_223216_35031"", ""4hop3__405277_88460_30152_20999"", ""4hop3__439878_88460_30152_20999"", ""4hop3__524186_219173_862998_72134"", ""4hop3__661103_698586_57596_54362"", ""4hop3__673447_132409_145082_35031"", ""4hop3__862_846_613770_7713""]",0.010416666666666666,0.020833333333333332,"[-0.020833333333333332, 0.052083333333333336]",2,1,393.53410399053246,2951.543875038624,,,,,
vs_basic,relay_kv_bf16,5,basic_rag_exact_match_failures,95,0.0,0.021052631578947368,0.013457989786000215,0.03292847503373819,0.021052631578947368,0.019470485247737975,,,2545.2117741806433,2427.0744179957546,,95,6.825429807714356,7.225216974773521,,target_minus_comparator,target_over_comparator,2,0,"[""2hop__104095_40501"", ""2hop__106864_80460"", ""2hop__126306_396277"", ""2hop__131455_11960"", ""2hop__132954_533882"", ""2hop__159146_120065"", ""2hop__161151_50883"", ""2hop__16632_110014"", ""2hop__215896_460425"", ""2hop__227031_144857"", ""2hop__230022_68489"", ""2hop__276637_126089"", ""2hop__283_574195"", ""2hop__362107_652514"", ""2hop__424294_19033"", ""2hop__475808_74481"", ""2hop__510679_57816"", ""2hop__564984_139312"", ""2hop__60880_87295"", ""2hop__66167_90991"", ""2hop__748615_123956"", ""2hop__754682_730690"", ""2hop__77775_162341"", ""2hop__818302_25719"", ""2hop__83460_456238"", ""2hop__835171_141338"", ""2hop__83800_747874"", ""2hop__84103_345851"", ""2hop__85463_50252"", ""2hop__88406_83289"", ""2hop__96410_47902"", ""3hop1__103440_443779_52195"", ""3hop1__131820_59747_90139"", ""3hop1__140786_2053_52946"", ""3hop1__145290_443779_52195"", ""3hop1__243276_42197_18397"", ""3hop1__248929_160713_77246"", ""3hop1__312146_720914_27537"", ""3hop1__33845_42197_18397"", ""3hop1__351696_42197_18397"", ""3hop1__389069_132457_51423"", ""3hop1__459153_544076_84283"", ""3hop1__475351_160713_77246"", ""3hop1__487301_443779_52195"", ""3hop1__491648_339990_54675"", ""3hop1__518381_709625_84283"", ""3hop1__529164_567566_84283"", ""3hop1__53690_161697_85460"", ""3hop1__558449_503371_21711"", ""3hop1__572324_568433_51423"", ""3hop1__593288_720914_41132"", ""3hop1__617062_127905_87812"", ""3hop1__754160_831637_91775"", ""3hop1__796649_720914_41132"", ""3hop1__836699_15840_36002"", ""3hop1__838590_831637_91775"", ""3hop1__857241_503371_21711"", ""3hop1__857_846_7870"", ""3hop2__127483_156850_10557"", ""3hop2__156850_90098_10557"", ""3hop2__30152_107291_20999"", ""3hop2__781093_223623_162182"", ""3hop2__89048_228_66294"", ""4hop1__151903_5274_458768_33637"", ""4hop1__151903_5274_458768_33677"", ""4hop1__166471_49925_13759_736921"", ""4hop1__17192_17130_70784_61381"", ""4hop1__228808_49925_13759_736921"", ""4hop1__277409_49925_13759_736921"", ""4hop1__342858_131850_33897_81096"", ""4hop1__342858_131850_33952_33939"", ""4hop1__343844_17130_70784_79935"", ""4hop1__37608_32392_823060_610794"", ""4hop1__443274_17130_70784_61381"", ""4hop1__525129_315334_131926_90707"", ""4hop1__708184_153080_159767_81096"", ""4hop1__711307_49925_13759_736921"", ""4hop1__777217_32392_823060_610794"", ""4hop1__813171_153080_33897_81096"", ""4hop1__83058_53706_795904_580996"", ""4hop1__860115_798482_131926_89261"", ""4hop1__9007_698949_157828_162309"", ""4hop1__94201_642284_131926_89261"", ""4hop2__160585_14670_8987_8529"", ""4hop2__161602_474028_88460_21057"", ""4hop2__5206_39078_8987_8974"", ""4hop2__9988_729371_70784_61381"", ""4hop3__316459_41402_157761_13584"", ""4hop3__387712_132409_223216_35031"", ""4hop3__405277_88460_30152_20999"", ""4hop3__439878_88460_30152_20999"", ""4hop3__524186_219173_862998_72134"", ""4hop3__661103_698586_57596_54362"", ""4hop3__673447_132409_145082_35031"", ""4hop3__862_846_613770_7713""]",0.0,0.021052631578947368,,2,0,392.94120797421783,2988.4973750449717,Posthoc basic-failure subset; population confidence intervals are withheld.,,,,
vs_basic,relay_kv_int8,5,all_evaluated_questions,96,0.010416666666666666,0.020833333333333332,0.023734469059062714,0.037793803418803416,0.010416666666666666,0.014059334359740706,"[-0.020833333333333332, 0.052083333333333336]","[-0.01585597961523126, 0.05240887292666267]",2553.067369324708,2436.3487504888326,"[2323.213629403684, 2798.2404587135984]",96,6.86749842418199,7.268086415489646,"[6.625873880836959, 8.026023099168178]",target_minus_comparator,target_over_comparator,2,1,"[""2hop__104095_40501"", ""2hop__106864_80460"", ""2hop__126306_396277"", ""2hop__131455_11960"", ""2hop__132954_533882"", ""2hop__159146_120065"", ""2hop__161151_50883"", ""2hop__16632_110014"", ""2hop__215896_460425"", ""2hop__227031_144857"", ""2hop__230022_68489"", ""2hop__276637_126089"", ""2hop__283_574195"", ""2hop__31124_31122"", ""2hop__362107_652514"", ""2hop__424294_19033"", ""2hop__475808_74481"", ""2hop__510679_57816"", ""2hop__564984_139312"", ""2hop__60880_87295"", ""2hop__66167_90991"", ""2hop__748615_123956"", ""2hop__754682_730690"", ""2hop__77775_162341"", ""2hop__818302_25719"", ""2hop__83460_456238"", ""2hop__835171_141338"", ""2hop__83800_747874"", ""2hop__84103_345851"", ""2hop__85463_50252"", ""2hop__88406_83289"", ""2hop__96410_47902"", ""3hop1__103440_443779_52195"", ""3hop1__131820_59747_90139"", ""3hop1__140786_2053_52946"", ""3hop1__145290_443779_52195"", ""3hop1__243276_42197_18397"", ""3hop1__248929_160713_77246"", ""3hop1__312146_720914_27537"", ""3hop1__33845_42197_18397"", ""3hop1__351696_42197_18397"", ""3hop1__389069_132457_51423"", ""3hop1__459153_544076_84283"", ""3hop1__475351_160713_77246"", ""3hop1__487301_443779_52195"", ""3hop1__491648_339990_54675"", ""3hop1__518381_709625_84283"", ""3hop1__529164_567566_84283"", ""3hop1__53690_161697_85460"", ""3hop1__558449_503371_21711"", ""3hop1__572324_568433_51423"", ""3hop1__593288_720914_41132"", ""3hop1__617062_127905_87812"", ""3hop1__754160_831637_91775"", ""3hop1__796649_720914_41132"", ""3hop1__836699_15840_36002"", ""3hop1__838590_831637_91775"", ""3hop1__857241_503371_21711"", ""3hop1__857_846_7870"", ""3hop2__127483_156850_10557"", ""3hop2__156850_90098_10557"", ""3hop2__30152_107291_20999"", ""3hop2__781093_223623_162182"", ""3hop2__89048_228_66294"", ""4hop1__151903_5274_458768_33637"", ""4hop1__151903_5274_458768_33677"", ""4hop1__166471_49925_13759_736921"", ""4hop1__17192_17130_70784_61381"", ""4hop1__228808_49925_13759_736921"", ""4hop1__277409_49925_13759_736921"", ""4hop1__342858_131850_33897_81096"", ""4hop1__342858_131850_33952_33939"", ""4hop1__343844_17130_70784_79935"", ""4hop1__37608_32392_823060_610794"", ""4hop1__443274_17130_70784_61381"", ""4hop1__525129_315334_131926_90707"", ""4hop1__708184_153080_159767_81096"", ""4hop1__711307_49925_13759_736921"", ""4hop1__777217_32392_823060_610794"", ""4hop1__813171_153080_33897_81096"", ""4hop1__83058_53706_795904_580996"", ""4hop1__860115_798482_131926_89261"", ""4hop1__9007_698949_157828_162309"", ""4hop1__94201_642284_131926_89261"", ""4hop2__160585_14670_8987_8529"", ""4hop2__161602_474028_88460_21057"", ""4hop2__5206_39078_8987_8974"", ""4hop2__9988_729371_70784_61381"", ""4hop3__316459_41402_157761_13584"", ""4hop3__387712_132409_223216_35031"", ""4hop3__405277_88460_30152_20999"", ""4hop3__439878_88460_30152_20999"", ""4hop3__524186_219173_862998_72134"", ""4hop3__661103_698586_57596_54362"", ""4hop3__673447_132409_145082_35031"", ""4hop3__862_846_613770_7713""]",0.010416666666666666,0.020833333333333332,"[-0.020833333333333332, 0.052083333333333336]",2,1,393.53410399053246,2986.594917019829,,,,,
vs_basic,relay_kv_int8,5,basic_rag_exact_match_failures,95,0.0,0.021052631578947368,0.013457989786000215,0.03292847503373819,0.021052631578947368,0.019470485247737975,,,2571.42558812752,2437.6953750033863,,95,6.970317104960407,7.3192475674664,,target_minus_comparator,target_over_comparator,2,0,"[""2hop__104095_40501"", ""2hop__106864_80460"", ""2hop__126306_396277"", ""2hop__131455_11960"", ""2hop__132954_533882"", ""2hop__159146_120065"", ""2hop__161151_50883"", ""2hop__16632_110014"", ""2hop__215896_460425"", ""2hop__227031_144857"", ""2hop__230022_68489"", ""2hop__276637_126089"", ""2hop__283_574195"", ""2hop__362107_652514"", ""2hop__424294_19033"", ""2hop__475808_74481"", ""2hop__510679_57816"", ""2hop__564984_139312"", ""2hop__60880_87295"", ""2hop__66167_90991"", ""2hop__748615_123956"", ""2hop__754682_730690"", ""2hop__77775_162341"", ""2hop__818302_25719"", ""2hop__83460_456238"", ""2hop__835171_141338"", ""2hop__83800_747874"", ""2hop__84103_345851"", ""2hop__85463_50252"", ""2hop__88406_83289"", ""2hop__96410_47902"", ""3hop1__103440_443779_52195"", ""3hop1__131820_59747_90139"", ""3hop1__140786_2053_52946"", ""3hop1__145290_443779_52195"", ""3hop1__243276_42197_18397"", ""3hop1__248929_160713_77246"", ""3hop1__312146_720914_27537"", ""3hop1__33845_42197_18397"", ""3hop1__351696_42197_18397"", ""3hop1__389069_132457_51423"", ""3hop1__459153_544076_84283"", ""3hop1__475351_160713_77246"", ""3hop1__487301_443779_52195"", ""3hop1__491648_339990_54675"", ""3hop1__518381_709625_84283"", ""3hop1__529164_567566_84283"", ""3hop1__53690_161697_85460"", ""3hop1__558449_503371_21711"", ""3hop1__572324_568433_51423"", ""3hop1__593288_720914_41132"", ""3hop1__617062_127905_87812"", ""3hop1__754160_831637_91775"", ""3hop1__796649_720914_41132"", ""3hop1__836699_15840_36002"", ""3hop1__838590_831637_91775"", ""3hop1__857241_503371_21711"", ""3hop1__857_846_7870"", ""3hop2__127483_156850_10557"", ""3hop2__156850_90098_10557"", ""3hop2__30152_107291_20999"", ""3hop2__781093_223623_162182"", ""3hop2__89048_228_66294"", ""4hop1__151903_5274_458768_33637"", ""4hop1__151903_5274_458768_33677"", ""4hop1__166471_49925_13759_736921"", ""4hop1__17192_17130_70784_61381"", ""4hop1__228808_49925_13759_736921"", ""4hop1__277409_49925_13759_736921"", ""4hop1__342858_131850_33897_81096"", ""4hop1__342858_131850_33952_33939"", ""4hop1__343844_17130_70784_79935"", ""4hop1__37608_32392_823060_610794"", ""4hop1__443274_17130_70784_61381"", ""4hop1__525129_315334_131926_90707"", ""4hop1__708184_153080_159767_81096"", ""4hop1__711307_49925_13759_736921"", ""4hop1__777217_32392_823060_610794"", ""4hop1__813171_153080_33897_81096"", ""4hop1__83058_53706_795904_580996"", ""4hop1__860115_798482_131926_89261"", ""4hop1__9007_698949_157828_162309"", ""4hop1__94201_642284_131926_89261"", ""4hop2__160585_14670_8987_8529"", ""4hop2__161602_474028_88460_21057"", ""4hop2__5206_39078_8987_8974"", ""4hop2__9988_729371_70784_61381"", ""4hop3__316459_41402_157761_13584"", ""4hop3__387712_132409_223216_35031"", ""4hop3__405277_88460_30152_20999"", ""4hop3__439878_88460_30152_20999"", ""4hop3__524186_219173_862998_72134"", ""4hop3__661103_698586_57596_54362"", ""4hop3__673447_132409_145082_35031"", ""4hop3__862_846_613770_7713""]",0.0,0.021052631578947368,,2,0,392.94120797421783,2988.8592500356026,Posthoc basic-failure subset; population confidence intervals are withheld.,,,,
vs_basic,reranked_rag,1,all_evaluated_questions,96,0.010416666666666666,0.03125,0.023734469059062714,0.04520212577277795,0.020833333333333332,0.021467656713715234,"[0.0, 0.052083333333333336]","[-0.003272116704471644, 0.05576025695365859]",327.13403165750304,320.3587709867861,"[250.58378999059036, 401.2241316246369]",96,1.8255672669733225,1.9217446677727006,"[1.7786374569967236, 2.072884448307941]",target_minus_comparator,target_over_comparator,2,0,"[""2hop__104095_40501"", ""2hop__106864_80460"", ""2hop__126306_396277"", ""2hop__131455_11960"", ""2hop__132954_533882"", ""2hop__159146_120065"", ""2hop__161151_50883"", ""2hop__16632_110014"", ""2hop__215896_460425"", ""2hop__227031_144857"", ""2hop__230022_68489"", ""2hop__276637_126089"", ""2hop__283_574195"", ""2hop__31124_31122"", ""2hop__362107_652514"", ""2hop__424294_19033"", ""2hop__475808_74481"", ""2hop__510679_57816"", ""2hop__564984_139312"", ""2hop__60880_87295"", ""2hop__66167_90991"", ""2hop__748615_123956"", ""2hop__754682_730690"", ""2hop__77775_162341"", ""2hop__818302_25719"", ""2hop__83460_456238"", ""2hop__835171_141338"", ""2hop__83800_747874"", ""2hop__84103_345851"", ""2hop__85463_50252"", ""2hop__88406_83289"", ""2hop__96410_47902"", ""3hop1__103440_443779_52195"", ""3hop1__131820_59747_90139"", ""3hop1__140786_2053_52946"", ""3hop1__145290_443779_52195"", ""3hop1__243276_42197_18397"", ""3hop1__248929_160713_77246"", ""3hop1__312146_720914_27537"", ""3hop1__33845_42197_18397"", ""3hop1__351696_42197_18397"", ""3hop1__389069_132457_51423"", ""3hop1__459153_544076_84283"", ""3hop1__475351_160713_77246"", ""3hop1__487301_443779_52195"", ""3hop1__491648_339990_54675"", ""3hop1__518381_709625_84283"", ""3hop1__529164_567566_84283"", ""3hop1__53690_161697_85460"", ""3hop1__558449_503371_21711"", ""3hop1__572324_568433_51423"", ""3hop1__593288_720914_41132"", ""3hop1__617062_127905_87812"", ""3hop1__754160_831637_91775"", ""3hop1__796649_720914_41132"", ""3hop1__836699_15840_36002"", ""3hop1__838590_831637_91775"", ""3hop1__857241_503371_21711"", ""3hop1__857_846_7870"", ""3hop2__127483_156850_10557"", ""3hop2__156850_90098_10557"", ""3hop2__30152_107291_20999"", ""3hop2__781093_223623_162182"", ""3hop2__89048_228_66294"", ""4hop1__151903_5274_458768_33637"", ""4hop1__151903_5274_458768_33677"", ""4hop1__166471_49925_13759_736921"", ""4hop1__17192_17130_70784_61381"", ""4hop1__228808_49925_13759_736921"", ""4hop1__277409_49925_13759_736921"", ""4hop1__342858_131850_33897_81096"", ""4hop1__342858_131850_33952_33939"", ""4hop1__343844_17130_70784_79935"", ""4hop1__37608_32392_823060_610794"", ""4hop1__443274_17130_70784_61381"", ""4hop1__525129_315334_131926_90707"", ""4hop1__708184_153080_159767_81096"", ""4hop1__711307_49925_13759_736921"", ""4hop1__777217_32392_823060_610794"", ""4hop1__813171_153080_33897_81096"", ""4hop1__83058_53706_795904_580996"", ""4hop1__860115_798482_131926_89261"", ""4hop1__9007_698949_157828_162309"", ""4hop1__94201_642284_131926_89261"", ""4hop2__160585_14670_8987_8529"", ""4hop2__161602_474028_88460_21057"", ""4hop2__5206_39078_8987_8974"", ""4hop2__9988_729371_70784_61381"", ""4hop3__316459_41402_157761_13584"", ""4hop3__387712_132409_223216_35031"", ""4hop3__405277_88460_30152_20999"", ""4hop3__439878_88460_30152_20999"", ""4hop3__524186_219173_862998_72134"", ""4hop3__661103_698586_57596_54362"", ""4hop3__673447_132409_145082_35031"", ""4hop3__862_846_613770_7713""]",0.010416666666666666,0.03125,"[0.0, 0.052083333333333336]",3,0,393.53410399053246,749.3873125058599,,,,,
vs_basic,reranked_rag,1,basic_rag_exact_match_failures,95,0.0,0.021052631578947368,0.013457989786000215,0.03515162183354403,0.021052631578947368,0.021693632047543817,,,326.91484251684557,319.2167920060456,,95,1.826165397129116,1.9250738946576922,,target_minus_comparator,target_over_comparator,2,0,"[""2hop__104095_40501"", ""2hop__106864_80460"", ""2hop__126306_396277"", ""2hop__131455_11960"", ""2hop__132954_533882"", ""2hop__159146_120065"", ""2hop__161151_50883"", ""2hop__16632_110014"", ""2hop__215896_460425"", ""2hop__227031_144857"", ""2hop__230022_68489"", ""2hop__276637_126089"", ""2hop__283_574195"", ""2hop__362107_652514"", ""2hop__424294_19033"", ""2hop__475808_74481"", ""2hop__510679_57816"", ""2hop__564984_139312"", ""2hop__60880_87295"", ""2hop__66167_90991"", ""2hop__748615_123956"", ""2hop__754682_730690"", ""2hop__77775_162341"", ""2hop__818302_25719"", ""2hop__83460_456238"", ""2hop__835171_141338"", ""2hop__83800_747874"", ""2hop__84103_345851"", ""2hop__85463_50252"", ""2hop__88406_83289"", ""2hop__96410_47902"", ""3hop1__103440_443779_52195"", ""3hop1__131820_59747_90139"", ""3hop1__140786_2053_52946"", ""3hop1__145290_443779_52195"", ""3hop1__243276_42197_18397"", ""3hop1__248929_160713_77246"", ""3hop1__312146_720914_27537"", ""3hop1__33845_42197_18397"", ""3hop1__351696_42197_18397"", ""3hop1__389069_132457_51423"", ""3hop1__459153_544076_84283"", ""3hop1__475351_160713_77246"", ""3hop1__487301_443779_52195"", ""3hop1__491648_339990_54675"", ""3hop1__518381_709625_84283"", ""3hop1__529164_567566_84283"", ""3hop1__53690_161697_85460"", ""3hop1__558449_503371_21711"", ""3hop1__572324_568433_51423"", ""3hop1__593288_720914_41132"", ""3hop1__617062_127905_87812"", ""3hop1__754160_831637_91775"", ""3hop1__796649_720914_41132"", ""3hop1__836699_15840_36002"", ""3hop1__838590_831637_91775"", ""3hop1__857241_503371_21711"", ""3hop1__857_846_7870"", ""3hop2__127483_156850_10557"", ""3hop2__156850_90098_10557"", ""3hop2__30152_107291_20999"", ""3hop2__781093_223623_162182"", ""3hop2__89048_228_66294"", ""4hop1__151903_5274_458768_33637"", ""4hop1__151903_5274_458768_33677"", ""4hop1__166471_49925_13759_736921"", ""4hop1__17192_17130_70784_61381"", ""4hop1__228808_49925_13759_736921"", ""4hop1__277409_49925_13759_736921"", ""4hop1__342858_131850_33897_81096"", ""4hop1__342858_131850_33952_33939"", ""4hop1__343844_17130_70784_79935"", ""4hop1__37608_32392_823060_610794"", ""4hop1__443274_17130_70784_61381"", ""4hop1__525129_315334_131926_90707"", ""4hop1__708184_153080_159767_81096"", ""4hop1__711307_49925_13759_736921"", ""4hop1__777217_32392_823060_610794"", ""4hop1__813171_153080_33897_81096"", ""4hop1__83058_53706_795904_580996"", ""4hop1__860115_798482_131926_89261"", ""4hop1__9007_698949_157828_162309"", ""4hop1__94201_642284_131926_89261"", ""4hop2__160585_14670_8987_8529"", ""4hop2__161602_474028_88460_21057"", ""4hop2__5206_39078_8987_8974"", ""4hop2__9988_729371_70784_61381"", ""4hop3__316459_41402_157761_13584"", ""4hop3__387712_132409_223216_35031"", ""4hop3__405277_88460_30152_20999"", ""4hop3__439878_88460_30152_20999"", ""4hop3__524186_219173_862998_72134"", ""4hop3__661103_698586_57596_54362"", ""4hop3__673447_132409_145082_35031"", ""4hop3__862_846_613770_7713""]",0.0,0.021052631578947368,,2,0,392.94120797421783,749.3356250342913,Posthoc basic-failure subset; population confidence intervals are withheld.,,,,
cache_methods,,,,96,0.03125,0.03125,0.04877754281537176,0.04877754281537176,0.0,0.0,,,-366.726292992098,-277.40997946239077,"[-447.7785385291554, -296.8933418659466]",96,0.884391699548247,0.8825949902952808,"[0.8634911789796196, 0.9012499028980202]",target_minus_comparator,target_over_comparator,0,0,"[""2hop__104095_40501"", ""2hop__106864_80460"", ""2hop__126306_396277"", ""2hop__131455_11960"", ""2hop__132954_533882"", ""2hop__159146_120065"", ""2hop__161151_50883"", ""2hop__16632_110014"", ""2hop__215896_460425"", ""2hop__227031_144857"", ""2hop__230022_68489"", ""2hop__276637_126089"", ""2hop__283_574195"", ""2hop__31124_31122"", ""2hop__362107_652514"", ""2hop__424294_19033"", ""2hop__475808_74481"", ""2hop__510679_57816"", ""2hop__564984_139312"", ""2hop__60880_87295"", ""2hop__66167_90991"", ""2hop__748615_123956"", ""2hop__754682_730690"", ""2hop__77775_162341"", ""2hop__818302_25719"", ""2hop__83460_456238"", ""2hop__835171_141338"", ""2hop__83800_747874"", ""2hop__84103_345851"", ""2hop__85463_50252"", ""2hop__88406_83289"", ""2hop__96410_47902"", ""3hop1__103440_443779_52195"", ""3hop1__131820_59747_90139"", ""3hop1__140786_2053_52946"", ""3hop1__145290_443779_52195"", ""3hop1__243276_42197_18397"", ""3hop1__248929_160713_77246"", ""3hop1__312146_720914_27537"", ""3hop1__33845_42197_18397"", ""3hop1__351696_42197_18397"", ""3hop1__389069_132457_51423"", ""3hop1__459153_544076_84283"", ""3hop1__475351_160713_77246"", ""3hop1__487301_443779_52195"", ""3hop1__491648_339990_54675"", ""3hop1__518381_709625_84283"", ""3hop1__529164_567566_84283"", ""3hop1__53690_161697_85460"", ""3hop1__558449_503371_21711"", ""3hop1__572324_568433_51423"", ""3hop1__593288_720914_41132"", ""3hop1__617062_127905_87812"", ""3hop1__754160_831637_91775"", ""3hop1__796649_720914_41132"", ""3hop1__836699_15840_36002"", ""3hop1__838590_831637_91775"", ""3hop1__857241_503371_21711"", ""3hop1__857_846_7870"", ""3hop2__127483_156850_10557"", ""3hop2__156850_90098_10557"", ""3hop2__30152_107291_20999"", ""3hop2__781093_223623_162182"", ""3hop2__89048_228_66294"", ""4hop1__151903_5274_458768_33637"", ""4hop1__151903_5274_458768_33677"", ""4hop1__166471_49925_13759_736921"", ""4hop1__17192_17130_70784_61381"", ""4hop1__228808_49925_13759_736921"", ""4hop1__277409_49925_13759_736921"", ""4hop1__342858_131850_33897_81096"", ""4hop1__342858_131850_33952_33939"", ""4hop1__343844_17130_70784_79935"", ""4hop1__37608_32392_823060_610794"", ""4hop1__443274_17130_70784_61381"", ""4hop1__525129_315334_131926_90707"", ""4hop1__708184_153080_159767_81096"", ""4hop1__711307_49925_13759_736921"", ""4hop1__777217_32392_823060_610794"", ""4hop1__813171_153080_33897_81096"", ""4hop1__83058_53706_795904_580996"", ""4hop1__860115_798482_131926_89261"", ""4hop1__9007_698949_157828_162309"", ""4hop1__94201_642284_131926_89261"", ""4hop2__160585_14670_8987_8529"", ""4hop2__161602_474028_88460_21057"", ""4hop2__5206_39078_8987_8974"", ""4hop2__9988_729371_70784_61381"", ""4hop3__316459_41402_157761_13584"", ""4hop3__387712_132409_223216_35031"", ""4hop3__405277_88460_30152_20999"", ""4hop3__439878_88460_30152_20999"", ""4hop3__524186_219173_862998_72134"", ""4hop3__661103_698586_57596_54362"", ""4hop3__673447_132409_145082_35031"", ""4hop3__862_846_613770_7713""]",,,,,,,,,incremental_kv_bf16,5,iterative_text,5
cache_methods,,,,96,0.03125,0.03125,0.04520212577277795,0.04877754281537176,0.0,0.003575417042593816,"[-0.041666666666666664, 0.041666666666666664]","[-0.03345245628068855, 0.041824203970093884]",1482.9095976353226,1336.4611449942458,"[1337.1517881651926, 1638.2548467113336]",96,2.8768575308198647,3.0009600256366533,"[2.779468398940282, 3.2394512516461136]",target_minus_comparator,target_over_comparator,2,2,"[""2hop__104095_40501"", ""2hop__106864_80460"", ""2hop__126306_396277"", ""2hop__131455_11960"", ""2hop__132954_533882"", ""2hop__159146_120065"", ""2hop__161151_50883"", ""2hop__16632_110014"", ""2hop__215896_460425"", ""2hop__227031_144857"", ""2hop__230022_68489"", ""2hop__276637_126089"", ""2hop__283_574195"", ""2hop__31124_31122"", ""2hop__362107_652514"", ""2hop__424294_19033"", ""2hop__475808_74481"", ""2hop__510679_57816"", ""2hop__564984_139312"", ""2hop__60880_87295"", ""2hop__66167_90991"", ""2hop__748615_123956"", ""2hop__754682_730690"", ""2hop__77775_162341"", ""2hop__818302_25719"", ""2hop__83460_456238"", ""2hop__835171_141338"", ""2hop__83800_747874"", ""2hop__84103_345851"", ""2hop__85463_50252"", ""2hop__88406_83289"", ""2hop__96410_47902"", ""3hop1__103440_443779_52195"", ""3hop1__131820_59747_90139"", ""3hop1__140786_2053_52946"", ""3hop1__145290_443779_52195"", ""3hop1__243276_42197_18397"", ""3hop1__248929_160713_77246"", ""3hop1__312146_720914_27537"", ""3hop1__33845_42197_18397"", ""3hop1__351696_42197_18397"", ""3hop1__389069_132457_51423"", ""3hop1__459153_544076_84283"", ""3hop1__475351_160713_77246"", ""3hop1__487301_443779_52195"", ""3hop1__491648_339990_54675"", ""3hop1__518381_709625_84283"", ""3hop1__529164_567566_84283"", ""3hop1__53690_161697_85460"", ""3hop1__558449_503371_21711"", ""3hop1__572324_568433_51423"", ""3hop1__593288_720914_41132"", ""3hop1__617062_127905_87812"", ""3hop1__754160_831637_91775"", ""3hop1__796649_720914_41132"", ""3hop1__836699_15840_36002"", ""3hop1__838590_831637_91775"", ""3hop1__857241_503371_21711"", ""3hop1__857_846_7870"", ""3hop2__127483_156850_10557"", ""3hop2__156850_90098_10557"", ""3hop2__30152_107291_20999"", ""3hop2__781093_223623_162182"", ""3hop2__89048_228_66294"", ""4hop1__151903_5274_458768_33637"", ""4hop1__151903_5274_458768_33677"", ""4hop1__166471_49925_13759_736921"", ""4hop1__17192_17130_70784_61381"", ""4hop1__228808_49925_13759_736921"", ""4hop1__277409_49925_13759_736921"", ""4hop1__342858_131850_33897_81096"", ""4hop1__342858_131850_33952_33939"", ""4hop1__343844_17130_70784_79935"", ""4hop1__37608_32392_823060_610794"", ""4hop1__443274_17130_70784_61381"", ""4hop1__525129_315334_131926_90707"", ""4hop1__708184_153080_159767_81096"", ""4hop1__711307_49925_13759_736921"", ""4hop1__777217_32392_823060_610794"", ""4hop1__813171_153080_33897_81096"", ""4hop1__83058_53706_795904_580996"", ""4hop1__860115_798482_131926_89261"", ""4hop1__9007_698949_157828_162309"", ""4hop1__94201_642284_131926_89261"", ""4hop2__160585_14670_8987_8529"", ""4hop2__161602_474028_88460_21057"", ""4hop2__5206_39078_8987_8974"", ""4hop2__9988_729371_70784_61381"", ""4hop3__316459_41402_157761_13584"", ""4hop3__387712_132409_223216_35031"", ""4hop3__405277_88460_30152_20999"", ""4hop3__439878_88460_30152_20999"", ""4hop3__524186_219173_862998_72134"", ""4hop3__661103_698586_57596_54362"", ""4hop3__673447_132409_145082_35031"", ""4hop3__862_846_613770_7713""]",,,,,,,,,incremental_kv_bf16,5,reranked_rag,1
cache_methods,,,,96,0.03125,0.020833333333333332,0.04877754281537176,0.037793803418803416,-0.010416666666666666,-0.010983739396568343,"[-0.041666666666666664, 0.020833333333333332]","[-0.04564051228833301, 0.025937013005269537]",350.51334296743636,406.5415629884228,"[104.91395401601646, 623.5517935114633]",96,1.1795669619091391,1.2085628002249666,"[1.114298300198487, 1.3168841177323318]",target_minus_comparator,target_over_comparator,1,2,"[""2hop__104095_40501"", ""2hop__106864_80460"", ""2hop__126306_396277"", ""2hop__131455_11960"", ""2hop__132954_533882"", ""2hop__159146_120065"", ""2hop__161151_50883"", ""2hop__16632_110014"", ""2hop__215896_460425"", ""2hop__227031_144857"", ""2hop__230022_68489"", ""2hop__276637_126089"", ""2hop__283_574195"", ""2hop__31124_31122"", ""2hop__362107_652514"", ""2hop__424294_19033"", ""2hop__475808_74481"", ""2hop__510679_57816"", ""2hop__564984_139312"", ""2hop__60880_87295"", ""2hop__66167_90991"", ""2hop__748615_123956"", ""2hop__754682_730690"", ""2hop__77775_162341"", ""2hop__818302_25719"", ""2hop__83460_456238"", ""2hop__835171_141338"", ""2hop__83800_747874"", ""2hop__84103_345851"", ""2hop__85463_50252"", ""2hop__88406_83289"", ""2hop__96410_47902"", ""3hop1__103440_443779_52195"", ""3hop1__131820_59747_90139"", ""3hop1__140786_2053_52946"", ""3hop1__145290_443779_52195"", ""3hop1__243276_42197_18397"", ""3hop1__248929_160713_77246"", ""3hop1__312146_720914_27537"", ""3hop1__33845_42197_18397"", ""3hop1__351696_42197_18397"", ""3hop1__389069_132457_51423"", ""3hop1__459153_544076_84283"", ""3hop1__475351_160713_77246"", ""3hop1__487301_443779_52195"", ""3hop1__491648_339990_54675"", ""3hop1__518381_709625_84283"", ""3hop1__529164_567566_84283"", ""3hop1__53690_161697_85460"", ""3hop1__558449_503371_21711"", ""3hop1__572324_568433_51423"", ""3hop1__593288_720914_41132"", ""3hop1__617062_127905_87812"", ""3hop1__754160_831637_91775"", ""3hop1__796649_720914_41132"", ""3hop1__836699_15840_36002"", ""3hop1__838590_831637_91775"", ""3hop1__857241_503371_21711"", ""3hop1__857_846_7870"", ""3hop2__127483_156850_10557"", ""3hop2__156850_90098_10557"", ""3hop2__30152_107291_20999"", ""3hop2__781093_223623_162182"", ""3hop2__89048_228_66294"", ""4hop1__151903_5274_458768_33637"", ""4hop1__151903_5274_458768_33677"", ""4hop1__166471_49925_13759_736921"", ""4hop1__17192_17130_70784_61381"", ""4hop1__228808_49925_13759_736921"", ""4hop1__277409_49925_13759_736921"", ""4hop1__342858_131850_33897_81096"", ""4hop1__342858_131850_33952_33939"", ""4hop1__343844_17130_70784_79935"", ""4hop1__37608_32392_823060_610794"", ""4hop1__443274_17130_70784_61381"", ""4hop1__525129_315334_131926_90707"", ""4hop1__708184_153080_159767_81096"", ""4hop1__711307_49925_13759_736921"", ""4hop1__777217_32392_823060_610794"", ""4hop1__813171_153080_33897_81096"", ""4hop1__83058_53706_795904_580996"", ""4hop1__860115_798482_131926_89261"", ""4hop1__9007_698949_157828_162309"", ""4hop1__94201_642284_131926_89261"", ""4hop2__160585_14670_8987_8529"", ""4hop2__161602_474028_88460_21057"", ""4hop2__5206_39078_8987_8974"", ""4hop2__9988_729371_70784_61381"", ""4hop3__316459_41402_157761_13584"", ""4hop3__387712_132409_223216_35031"", ""4hop3__405277_88460_30152_20999"", ""4hop3__439878_88460_30152_20999"", ""4hop3__524186_219173_862998_72134"", ""4hop3__661103_698586_57596_54362"", ""4hop3__673447_132409_145082_35031"", ""4hop3__862_846_613770_7713""]",,,,,,,,,relay_kv_bf16,5,iterative_text,5
cache_methods,,,,96,0.03125,0.020833333333333332,0.04520212577277795,0.037793803418803416,-0.010416666666666666,-0.007408322353974528,"[-0.052083333333333336, 0.03125]","[-0.053011569499341236, 0.03728864734299517]",2200.149233594857,2082.227103994228,"[1969.281603483326, 2440.522658195944]",96,3.709451350642677,3.9576168477852813,"[3.6236428405361347, 4.326367809400932]",target_minus_comparator,target_over_comparator,2,3,"[""2hop__104095_40501"", ""2hop__106864_80460"", ""2hop__126306_396277"", ""2hop__131455_11960"", ""2hop__132954_533882"", ""2hop__159146_120065"", ""2hop__161151_50883"", ""2hop__16632_110014"", ""2hop__215896_460425"", ""2hop__227031_144857"", ""2hop__230022_68489"", ""2hop__276637_126089"", ""2hop__283_574195"", ""2hop__31124_31122"", ""2hop__362107_652514"", ""2hop__424294_19033"", ""2hop__475808_74481"", ""2hop__510679_57816"", ""2hop__564984_139312"", ""2hop__60880_87295"", ""2hop__66167_90991"", ""2hop__748615_123956"", ""2hop__754682_730690"", ""2hop__77775_162341"", ""2hop__818302_25719"", ""2hop__83460_456238"", ""2hop__835171_141338"", ""2hop__83800_747874"", ""2hop__84103_345851"", ""2hop__85463_50252"", ""2hop__88406_83289"", ""2hop__96410_47902"", ""3hop1__103440_443779_52195"", ""3hop1__131820_59747_90139"", ""3hop1__140786_2053_52946"", ""3hop1__145290_443779_52195"", ""3hop1__243276_42197_18397"", ""3hop1__248929_160713_77246"", ""3hop1__312146_720914_27537"", ""3hop1__33845_42197_18397"", ""3hop1__351696_42197_18397"", ""3hop1__389069_132457_51423"", ""3hop1__459153_544076_84283"", ""3hop1__475351_160713_77246"", ""3hop1__487301_443779_52195"", ""3hop1__491648_339990_54675"", ""3hop1__518381_709625_84283"", ""3hop1__529164_567566_84283"", ""3hop1__53690_161697_85460"", ""3hop1__558449_503371_21711"", ""3hop1__572324_568433_51423"", ""3hop1__593288_720914_41132"", ""3hop1__617062_127905_87812"", ""3hop1__754160_831637_91775"", ""3hop1__796649_720914_41132"", ""3hop1__836699_15840_36002"", ""3hop1__838590_831637_91775"", ""3hop1__857241_503371_21711"", ""3hop1__857_846_7870"", ""3hop2__127483_156850_10557"", ""3hop2__156850_90098_10557"", ""3hop2__30152_107291_20999"", ""3hop2__781093_223623_162182"", ""3hop2__89048_228_66294"", ""4hop1__151903_5274_458768_33637"", ""4hop1__151903_5274_458768_33677"", ""4hop1__166471_49925_13759_736921"", ""4hop1__17192_17130_70784_61381"", ""4hop1__228808_49925_13759_736921"", ""4hop1__277409_49925_13759_736921"", ""4hop1__342858_131850_33897_81096"", ""4hop1__342858_131850_33952_33939"", ""4hop1__343844_17130_70784_79935"", ""4hop1__37608_32392_823060_610794"", ""4hop1__443274_17130_70784_61381"", ""4hop1__525129_315334_131926_90707"", ""4hop1__708184_153080_159767_81096"", ""4hop1__711307_49925_13759_736921"", ""4hop1__777217_32392_823060_610794"", ""4hop1__813171_153080_33897_81096"", ""4hop1__83058_53706_795904_580996"", ""4hop1__860115_798482_131926_89261"", ""4hop1__9007_698949_157828_162309"", ""4hop1__94201_642284_131926_89261"", ""4hop2__160585_14670_8987_8529"", ""4hop2__161602_474028_88460_21057"", ""4hop2__5206_39078_8987_8974"", ""4hop2__9988_729371_70784_61381"", ""4hop3__316459_41402_157761_13584"", ""4hop3__387712_132409_223216_35031"", ""4hop3__405277_88460_30152_20999"", ""4hop3__439878_88460_30152_20999"", ""4hop3__524186_219173_862998_72134"", ""4hop3__661103_698586_57596_54362"", ""4hop3__673447_132409_145082_35031"", ""4hop3__862_846_613770_7713""]",,,,,,,,,relay_kv_bf16,5,reranked_rag,1
cache_methods,,,,96,0.03125,0.020833333333333332,0.04877754281537176,0.037793803418803416,-0.010416666666666666,-0.010983739396568343,"[-0.041666666666666664, 0.020833333333333332]","[-0.04564051228833301, 0.025937013005269537]",717.2396359595344,828.3876665227581,"[480.4892095939825, 968.6703175434102]",96,1.299273434581367,1.3726559938936385,"[1.266606716956661, 1.4955139048607275]",target_minus_comparator,target_over_comparator,1,2,"[""2hop__104095_40501"", ""2hop__106864_80460"", ""2hop__126306_396277"", ""2hop__131455_11960"", ""2hop__132954_533882"", ""2hop__159146_120065"", ""2hop__161151_50883"", ""2hop__16632_110014"", ""2hop__215896_460425"", ""2hop__227031_144857"", ""2hop__230022_68489"", ""2hop__276637_126089"", ""2hop__283_574195"", ""2hop__31124_31122"", ""2hop__362107_652514"", ""2hop__424294_19033"", ""2hop__475808_74481"", ""2hop__510679_57816"", ""2hop__564984_139312"", ""2hop__60880_87295"", ""2hop__66167_90991"", ""2hop__748615_123956"", ""2hop__754682_730690"", ""2hop__77775_162341"", ""2hop__818302_25719"", ""2hop__83460_456238"", ""2hop__835171_141338"", ""2hop__83800_747874"", ""2hop__84103_345851"", ""2hop__85463_50252"", ""2hop__88406_83289"", ""2hop__96410_47902"", ""3hop1__103440_443779_52195"", ""3hop1__131820_59747_90139"", ""3hop1__140786_2053_52946"", ""3hop1__145290_443779_52195"", ""3hop1__243276_42197_18397"", ""3hop1__248929_160713_77246"", ""3hop1__312146_720914_27537"", ""3hop1__33845_42197_18397"", ""3hop1__351696_42197_18397"", ""3hop1__389069_132457_51423"", ""3hop1__459153_544076_84283"", ""3hop1__475351_160713_77246"", ""3hop1__487301_443779_52195"", ""3hop1__491648_339990_54675"", ""3hop1__518381_709625_84283"", ""3hop1__529164_567566_84283"", ""3hop1__53690_161697_85460"", ""3hop1__558449_503371_21711"", ""3hop1__572324_568433_51423"", ""3hop1__593288_720914_41132"", ""3hop1__617062_127905_87812"", ""3hop1__754160_831637_91775"", ""3hop1__796649_720914_41132"", ""3hop1__836699_15840_36002"", ""3hop1__838590_831637_91775"", ""3hop1__857241_503371_21711"", ""3hop1__857_846_7870"", ""3hop2__127483_156850_10557"", ""3hop2__156850_90098_10557"", ""3hop2__30152_107291_20999"", ""3hop2__781093_223623_162182"", ""3hop2__89048_228_66294"", ""4hop1__151903_5274_458768_33637"", ""4hop1__151903_5274_458768_33677"", ""4hop1__166471_49925_13759_736921"", ""4hop1__17192_17130_70784_61381"", ""4hop1__228808_49925_13759_736921"", ""4hop1__277409_49925_13759_736921"", ""4hop1__342858_131850_33897_81096"", ""4hop1__342858_131850_33952_33939"", ""4hop1__343844_17130_70784_79935"", ""4hop1__37608_32392_823060_610794"", ""4hop1__443274_17130_70784_61381"", ""4hop1__525129_315334_131926_90707"", ""4hop1__708184_153080_159767_81096"", ""4hop1__711307_49925_13759_736921"", ""4hop1__777217_32392_823060_610794"", ""4hop1__813171_153080_33897_81096"", ""4hop1__83058_53706_795904_580996"", ""4hop1__860115_798482_131926_89261"", ""4hop1__9007_698949_157828_162309"", ""4hop1__94201_642284_131926_89261"", ""4hop2__160585_14670_8987_8529"", ""4hop2__161602_474028_88460_21057"", ""4hop2__5206_39078_8987_8974"", ""4hop2__9988_729371_70784_61381"", ""4hop3__316459_41402_157761_13584"", ""4hop3__387712_132409_223216_35031"", ""4hop3__405277_88460_30152_20999"", ""4hop3__439878_88460_30152_20999"", ""4hop3__524186_219173_862998_72134"", ""4hop3__661103_698586_57596_54362"", ""4hop3__673447_132409_145082_35031"", ""4hop3__862_846_613770_7713""]",,,,,,,,,relay_kv_bf16,5,incremental_kv_bf16,5
cache_methods,,,,96,0.03125,0.020833333333333332,0.04877754281537176,0.037793803418803416,-0.010416666666666666,-0.010983739396568343,"[-0.041666666666666664, 0.020833333333333332]","[-0.04564051228833301, 0.025937013005269537]",376.2974470397846,427.3199379967991,"[120.1313788332603, 657.0435355282218]",96,1.1976807388433355,1.220114110809222,"[1.1224771569647156, 1.3307161938795322]",target_minus_comparator,target_over_comparator,1,2,"[""2hop__104095_40501"", ""2hop__106864_80460"", ""2hop__126306_396277"", ""2hop__131455_11960"", ""2hop__132954_533882"", ""2hop__159146_120065"", ""2hop__161151_50883"", ""2hop__16632_110014"", ""2hop__215896_460425"", ""2hop__227031_144857"", ""2hop__230022_68489"", ""2hop__276637_126089"", ""2hop__283_574195"", ""2hop__31124_31122"", ""2hop__362107_652514"", ""2hop__424294_19033"", ""2hop__475808_74481"", ""2hop__510679_57816"", ""2hop__564984_139312"", ""2hop__60880_87295"", ""2hop__66167_90991"", ""2hop__748615_123956"", ""2hop__754682_730690"", ""2hop__77775_162341"", ""2hop__818302_25719"", ""2hop__83460_456238"", ""2hop__835171_141338"", ""2hop__83800_747874"", ""2hop__84103_345851"", ""2hop__85463_50252"", ""2hop__88406_83289"", ""2hop__96410_47902"", ""3hop1__103440_443779_52195"", ""3hop1__131820_59747_90139"", ""3hop1__140786_2053_52946"", ""3hop1__145290_443779_52195"", ""3hop1__243276_42197_18397"", ""3hop1__248929_160713_77246"", ""3hop1__312146_720914_27537"", ""3hop1__33845_42197_18397"", ""3hop1__351696_42197_18397"", ""3hop1__389069_132457_51423"", ""3hop1__459153_544076_84283"", ""3hop1__475351_160713_77246"", ""3hop1__487301_443779_52195"", ""3hop1__491648_339990_54675"", ""3hop1__518381_709625_84283"", ""3hop1__529164_567566_84283"", ""3hop1__53690_161697_85460"", ""3hop1__558449_503371_21711"", ""3hop1__572324_568433_51423"", ""3hop1__593288_720914_41132"", ""3hop1__617062_127905_87812"", ""3hop1__754160_831637_91775"", ""3hop1__796649_720914_41132"", ""3hop1__836699_15840_36002"", ""3hop1__838590_831637_91775"", ""3hop1__857241_503371_21711"", ""3hop1__857_846_7870"", ""3hop2__127483_156850_10557"", ""3hop2__156850_90098_10557"", ""3hop2__30152_107291_20999"", ""3hop2__781093_223623_162182"", ""3hop2__89048_228_66294"", ""4hop1__151903_5274_458768_33637"", ""4hop1__151903_5274_458768_33677"", ""4hop1__166471_49925_13759_736921"", ""4hop1__17192_17130_70784_61381"", ""4hop1__228808_49925_13759_736921"", ""4hop1__277409_49925_13759_736921"", ""4hop1__342858_131850_33897_81096"", ""4hop1__342858_131850_33952_33939"", ""4hop1__343844_17130_70784_79935"", ""4hop1__37608_32392_823060_610794"", ""4hop1__443274_17130_70784_61381"", ""4hop1__525129_315334_131926_90707"", ""4hop1__708184_153080_159767_81096"", ""4hop1__711307_49925_13759_736921"", ""4hop1__777217_32392_823060_610794"", ""4hop1__813171_153080_33897_81096"", ""4hop1__83058_53706_795904_580996"", ""4hop1__860115_798482_131926_89261"", ""4hop1__9007_698949_157828_162309"", ""4hop1__94201_642284_131926_89261"", ""4hop2__160585_14670_8987_8529"", ""4hop2__161602_474028_88460_21057"", ""4hop2__5206_39078_8987_8974"", ""4hop2__9988_729371_70784_61381"", ""4hop3__316459_41402_157761_13584"", ""4hop3__387712_132409_223216_35031"", ""4hop3__405277_88460_30152_20999"", ""4hop3__439878_88460_30152_20999"", ""4hop3__524186_219173_862998_72134"", ""4hop3__661103_698586_57596_54362"", ""4hop3__673447_132409_145082_35031"", ""4hop3__862_846_613770_7713""]",,,,,,,,,relay_kv_int8,5,iterative_text,5
cache_methods,,,,96,0.03125,0.020833333333333332,0.04520212577277795,0.037793803418803416,-0.010416666666666666,-0.007408322353974528,"[-0.052083333333333336, 0.03125]","[-0.053011569499341236, 0.03728864734299517]",2225.9333376672053,2149.2446875199676,"[1995.3598449648628, 2464.3414862236564]",96,3.8475754519562773,3.980931122625091,"[3.646774674375665, 4.351231508667794]",target_minus_comparator,target_over_comparator,2,3,"[""2hop__104095_40501"", ""2hop__106864_80460"", ""2hop__126306_396277"", ""2hop__131455_11960"", ""2hop__132954_533882"", ""2hop__159146_120065"", ""2hop__161151_50883"", ""2hop__16632_110014"", ""2hop__215896_460425"", ""2hop__227031_144857"", ""2hop__230022_68489"", ""2hop__276637_126089"", ""2hop__283_574195"", ""2hop__31124_31122"", ""2hop__362107_652514"", ""2hop__424294_19033"", ""2hop__475808_74481"", ""2hop__510679_57816"", ""2hop__564984_139312"", ""2hop__60880_87295"", ""2hop__66167_90991"", ""2hop__748615_123956"", ""2hop__754682_730690"", ""2hop__77775_162341"", ""2hop__818302_25719"", ""2hop__83460_456238"", ""2hop__835171_141338"", ""2hop__83800_747874"", ""2hop__84103_345851"", ""2hop__85463_50252"", ""2hop__88406_83289"", ""2hop__96410_47902"", ""3hop1__103440_443779_52195"", ""3hop1__131820_59747_90139"", ""3hop1__140786_2053_52946"", ""3hop1__145290_443779_52195"", ""3hop1__243276_42197_18397"", ""3hop1__248929_160713_77246"", ""3hop1__312146_720914_27537"", ""3hop1__33845_42197_18397"", ""3hop1__351696_42197_18397"", ""3hop1__389069_132457_51423"", ""3hop1__459153_544076_84283"", ""3hop1__475351_160713_77246"", ""3hop1__487301_443779_52195"", ""3hop1__491648_339990_54675"", ""3hop1__518381_709625_84283"", ""3hop1__529164_567566_84283"", ""3hop1__53690_161697_85460"", ""3hop1__558449_503371_21711"", ""3hop1__572324_568433_51423"", ""3hop1__593288_720914_41132"", ""3hop1__617062_127905_87812"", ""3hop1__754160_831637_91775"", ""3hop1__796649_720914_41132"", ""3hop1__836699_15840_36002"", ""3hop1__838590_831637_91775"", ""3hop1__857241_503371_21711"", ""3hop1__857_846_7870"", ""3hop2__127483_156850_10557"", ""3hop2__156850_90098_10557"", ""3hop2__30152_107291_20999"", ""3hop2__781093_223623_162182"", ""3hop2__89048_228_66294"", ""4hop1__151903_5274_458768_33637"", ""4hop1__151903_5274_458768_33677"", ""4hop1__166471_49925_13759_736921"", ""4hop1__17192_17130_70784_61381"", ""4hop1__228808_49925_13759_736921"", ""4hop1__277409_49925_13759_736921"", ""4hop1__342858_131850_33897_81096"", ""4hop1__342858_131850_33952_33939"", ""4hop1__343844_17130_70784_79935"", ""4hop1__37608_32392_823060_610794"", ""4hop1__443274_17130_70784_61381"", ""4hop1__525129_315334_131926_90707"", ""4hop1__708184_153080_159767_81096"", ""4hop1__711307_49925_13759_736921"", ""4hop1__777217_32392_823060_610794"", ""4hop1__813171_153080_33897_81096"", ""4hop1__83058_53706_795904_580996"", ""4hop1__860115_798482_131926_89261"", ""4hop1__9007_698949_157828_162309"", ""4hop1__94201_642284_131926_89261"", ""4hop2__160585_14670_8987_8529"", ""4hop2__161602_474028_88460_21057"", ""4hop2__5206_39078_8987_8974"", ""4hop2__9988_729371_70784_61381"", ""4hop3__316459_41402_157761_13584"", ""4hop3__387712_132409_223216_35031"", ""4hop3__405277_88460_30152_20999"", ""4hop3__439878_88460_30152_20999"", ""4hop3__524186_219173_862998_72134"", ""4hop3__661103_698586_57596_54362"", ""4hop3__673447_132409_145082_35031"", ""4hop3__862_846_613770_7713""]",,,,,,,,,relay_kv_int8,5,reranked_rag,1
cache_methods,,,,96,0.03125,0.020833333333333332,0.04877754281537176,0.037793803418803416,-0.010416666666666666,-0.010983739396568343,"[-0.041666666666666664, 0.020833333333333332]","[-0.04564051228833301, 0.025937013005269537]",743.0237400318825,872.0802500320133,"[502.0143684314917, 999.1472277182154]",96,1.318785265878168,1.3850676319088076,"[1.27487300144115, 1.509783098369293]",target_minus_comparator,target_over_comparator,1,2,"[""2hop__104095_40501"", ""2hop__106864_80460"", ""2hop__126306_396277"", ""2hop__131455_11960"", ""2hop__132954_533882"", ""2hop__159146_120065"", ""2hop__161151_50883"", ""2hop__16632_110014"", ""2hop__215896_460425"", ""2hop__227031_144857"", ""2hop__230022_68489"", ""2hop__276637_126089"", ""2hop__283_574195"", ""2hop__31124_31122"", ""2hop__362107_652514"", ""2hop__424294_19033"", ""2hop__475808_74481"", ""2hop__510679_57816"", ""2hop__564984_139312"", ""2hop__60880_87295"", ""2hop__66167_90991"", ""2hop__748615_123956"", ""2hop__754682_730690"", ""2hop__77775_162341"", ""2hop__818302_25719"", ""2hop__83460_456238"", ""2hop__835171_141338"", ""2hop__83800_747874"", ""2hop__84103_345851"", ""2hop__85463_50252"", ""2hop__88406_83289"", ""2hop__96410_47902"", ""3hop1__103440_443779_52195"", ""3hop1__131820_59747_90139"", ""3hop1__140786_2053_52946"", ""3hop1__145290_443779_52195"", ""3hop1__243276_42197_18397"", ""3hop1__248929_160713_77246"", ""3hop1__312146_720914_27537"", ""3hop1__33845_42197_18397"", ""3hop1__351696_42197_18397"", ""3hop1__389069_132457_51423"", ""3hop1__459153_544076_84283"", ""3hop1__475351_160713_77246"", ""3hop1__487301_443779_52195"", ""3hop1__491648_339990_54675"", ""3hop1__518381_709625_84283"", ""3hop1__529164_567566_84283"", ""3hop1__53690_161697_85460"", ""3hop1__558449_503371_21711"", ""3hop1__572324_568433_51423"", ""3hop1__593288_720914_41132"", ""3hop1__617062_127905_87812"", ""3hop1__754160_831637_91775"", ""3hop1__796649_720914_41132"", ""3hop1__836699_15840_36002"", ""3hop1__838590_831637_91775"", ""3hop1__857241_503371_21711"", ""3hop1__857_846_7870"", ""3hop2__127483_156850_10557"", ""3hop2__156850_90098_10557"", ""3hop2__30152_107291_20999"", ""3hop2__781093_223623_162182"", ""3hop2__89048_228_66294"", ""4hop1__151903_5274_458768_33637"", ""4hop1__151903_5274_458768_33677"", ""4hop1__166471_49925_13759_736921"", ""4hop1__17192_17130_70784_61381"", ""4hop1__228808_49925_13759_736921"", ""4hop1__277409_49925_13759_736921"", ""4hop1__342858_131850_33897_81096"", ""4hop1__342858_131850_33952_33939"", ""4hop1__343844_17130_70784_79935"", ""4hop1__37608_32392_823060_610794"", ""4hop1__443274_17130_70784_61381"", ""4hop1__525129_315334_131926_90707"", ""4hop1__708184_153080_159767_81096"", ""4hop1__711307_49925_13759_736921"", ""4hop1__777217_32392_823060_610794"", ""4hop1__813171_153080_33897_81096"", ""4hop1__83058_53706_795904_580996"", ""4hop1__860115_798482_131926_89261"", ""4hop1__9007_698949_157828_162309"", ""4hop1__94201_642284_131926_89261"", ""4hop2__160585_14670_8987_8529"", ""4hop2__161602_474028_88460_21057"", ""4hop2__5206_39078_8987_8974"", ""4hop2__9988_729371_70784_61381"", ""4hop3__316459_41402_157761_13584"", ""4hop3__387712_132409_223216_35031"", ""4hop3__405277_88460_30152_20999"", ""4hop3__439878_88460_30152_20999"", ""4hop3__524186_219173_862998_72134"", ""4hop3__661103_698586_57596_54362"", ""4hop3__673447_132409_145082_35031"", ""4hop3__862_846_613770_7713""]",,,,,,,,,relay_kv_int8,5,incremental_kv_bf16,5
