profile_id,model_id,provider,screen,run_label,arm,n_questions,observed_local_correct_unchanged,measured_local_mean_s,measured_local_p50_s,measured_local_p95_s,profile_ttft_proxy_s,profile_reported_tps,metric_semantics,scenario_A_mean_s,scenario_A_p50_s,scenario_A_p95_s,scenario_B_mean_s,scenario_B_p50_s,scenario_B_p95_s,source_id,source_url,source_period,source_snapshot_sha256,projection_sha256,workload_sha256
lambda122b-lambda-4xb200-sglang,Qwen/Qwen3.5-122B-A10B,Lambda 4xB200 SGLang,native,native/122b,basic_rag,12,1.0,2.3722685277559017,1.6773716040188447,5.649744193744841,1.156,76.92307692307692,decode_tps_from_tpot,1.184369982497456,1.1707173335135448,1.2176853161613688,,,,lambda122b,https://lambda.ai/inference-models/qwen/qwen3.5-122b-a10b,"Benchmark publication date not stated; retrieved September11,2026",d9350740a106a1ef85f9ea343ced3a424e229b31f5333b4a8582e1f78017b545,ff43fda6c9b8661931a8c4cb6fde359f208293a0c861b567a8bb1558e0eaa9ad,830d85d3b9952587f4f23c2fe5868530ec6a9caea54edaa26da98cdc267442c5
lambda122b-lambda-4xb200-sglang,Qwen/Qwen3.5-122B-A10B,Lambda 4xB200 SGLang,native,native/122b,iterative_text,12,1.0,8.113597531152967,8.036557228973834,13.362317233005886,1.156,76.92307692307692,decode_tps_from_tpot,4.173182979322271,4.408858312553493,5.635033319996297,,,,lambda122b,https://lambda.ai/inference-models/qwen/qwen3.5-122b-a10b,"Benchmark publication date not stated; retrieved September11,2026",d9350740a106a1ef85f9ea343ced3a424e229b31f5333b4a8582e1f78017b545,ff43fda6c9b8661931a8c4cb6fde359f208293a0c861b567a8bb1558e0eaa9ad,830d85d3b9952587f4f23c2fe5868530ec6a9caea54edaa26da98cdc267442c5
lambda122b-lambda-4xb200-vllm,Qwen/Qwen3.5-122B-A10B,Lambda 4xB200 vLLM,native,native/122b,basic_rag,12,1.0,2.3722685277559017,1.6773716040188447,5.649744193744841,4.904,76.92307692307692,decode_tps_from_tpot,4.932369982497456,4.918717333513545,4.965685316161369,,,,lambda122b,https://lambda.ai/inference-models/qwen/qwen3.5-122b-a10b,"Benchmark publication date not stated; retrieved September11,2026",d9350740a106a1ef85f9ea343ced3a424e229b31f5333b4a8582e1f78017b545,ff43fda6c9b8661931a8c4cb6fde359f208293a0c861b567a8bb1558e0eaa9ad,830d85d3b9952587f4f23c2fe5868530ec6a9caea54edaa26da98cdc267442c5
lambda122b-lambda-4xb200-vllm,Qwen/Qwen3.5-122B-A10B,Lambda 4xB200 vLLM,native,native/122b,iterative_text,12,1.0,8.113597531152967,8.036557228973834,13.362317233005886,4.904,76.92307692307692,decode_tps_from_tpot,16.666516312655606,17.526858312553493,22.313633319996292,,,,lambda122b,https://lambda.ai/inference-models/qwen/qwen3.5-122b-a10b,"Benchmark publication date not stated; retrieved September11,2026",d9350740a106a1ef85f9ea343ced3a424e229b31f5333b4a8582e1f78017b545,ff43fda6c9b8661931a8c4cb6fde359f208293a0c861b567a8bb1558e0eaa9ad,830d85d3b9952587f4f23c2fe5868530ec6a9caea54edaa26da98cdc267442c5
lambda122b-lambda-8xa100-sglang,Qwen/Qwen3.5-122B-A10B,Lambda 8xA100 SGLang,native,native/122b,basic_rag,12,1.0,2.3722685277559017,1.6773716040188447,5.649744193744841,4.602,33.333333333333336,decode_tps_from_tpot,4.647369982497456,4.616717333513545,4.714685316161369,,,,lambda122b,https://lambda.ai/inference-models/qwen/qwen3.5-122b-a10b,"Benchmark publication date not stated; retrieved September11,2026",d9350740a106a1ef85f9ea343ced3a424e229b31f5333b4a8582e1f78017b545,ff43fda6c9b8661931a8c4cb6fde359f208293a0c861b567a8bb1558e0eaa9ad,830d85d3b9952587f4f23c2fe5868530ec6a9caea54edaa26da98cdc267442c5
lambda122b-lambda-8xa100-sglang,Qwen/Qwen3.5-122B-A10B,Lambda 8xA100 SGLang,native,native/122b,iterative_text,12,1.0,8.113597531152967,8.036557228973834,13.362317233005886,4.602,33.333333333333336,decode_tps_from_tpot,16.03809964598894,16.903358312553493,21.554533319996295,,,,lambda122b,https://lambda.ai/inference-models/qwen/qwen3.5-122b-a10b,"Benchmark publication date not stated; retrieved September11,2026",d9350740a106a1ef85f9ea343ced3a424e229b31f5333b4a8582e1f78017b545,ff43fda6c9b8661931a8c4cb6fde359f208293a0c861b567a8bb1558e0eaa9ad,830d85d3b9952587f4f23c2fe5868530ec6a9caea54edaa26da98cdc267442c5
lambda122b-lambda-8xa100-vllm,Qwen/Qwen3.5-122B-A10B,Lambda 8xA100 vLLM,native,native/122b,basic_rag,12,1.0,2.3722685277559017,1.6773716040188447,5.649744193744841,7.612,27.77777777777778,decode_tps_from_tpot,7.663369982497456,7.626717333513545,7.742685316161369,,,,lambda122b,https://lambda.ai/inference-models/qwen/qwen3.5-122b-a10b,"Benchmark publication date not stated; retrieved September11,2026",d9350740a106a1ef85f9ea343ced3a424e229b31f5333b4a8582e1f78017b545,ff43fda6c9b8661931a8c4cb6fde359f208293a0c861b567a8bb1558e0eaa9ad,830d85d3b9952587f4f23c2fe5868530ec6a9caea54edaa26da98cdc267442c5
lambda122b-lambda-8xa100-vllm,Qwen/Qwen3.5-122B-A10B,Lambda 8xA100 vLLM,native,native/122b,iterative_text,12,1.0,8.113597531152967,8.036557228973834,13.362317233005886,7.612,27.77777777777778,decode_tps_from_tpot,26.20493297932227,27.591358312553496,35.15543331999629,,,,lambda122b,https://lambda.ai/inference-models/qwen/qwen3.5-122b-a10b,"Benchmark publication date not stated; retrieved September11,2026",d9350740a106a1ef85f9ea343ced3a424e229b31f5333b4a8582e1f78017b545,ff43fda6c9b8661931a8c4cb6fde359f208293a0c861b567a8bb1558e0eaa9ad,830d85d3b9952587f4f23c2fe5868530ec6a9caea54edaa26da98cdc267442c5
lambda122b-lambda-8xh100-sglang,Qwen/Qwen3.5-122B-A10B,Lambda 8xH100 SGLang,native,native/122b,basic_rag,12,1.0,2.3722685277559017,1.6773716040188447,5.649744193744841,2.613,55.55555555555556,decode_tps_from_tpot,2.6463699824974563,2.627717333513545,2.689685316161369,,,,lambda122b,https://lambda.ai/inference-models/qwen/qwen3.5-122b-a10b,"Benchmark publication date not stated; retrieved September11,2026",d9350740a106a1ef85f9ea343ced3a424e229b31f5333b4a8582e1f78017b545,ff43fda6c9b8661931a8c4cb6fde359f208293a0c861b567a8bb1558e0eaa9ad,830d85d3b9952587f4f23c2fe5868530ec6a9caea54edaa26da98cdc267442c5
lambda122b-lambda-8xh100-sglang,Qwen/Qwen3.5-122B-A10B,Lambda 8xH100 SGLang,native,native/122b,iterative_text,12,1.0,8.113597531152967,8.036557228973834,13.362317233005886,2.613,55.55555555555556,decode_tps_from_tpot,9.141099645988938,9.635858312553493,12.290683319996296,,,,lambda122b,https://lambda.ai/inference-models/qwen/qwen3.5-122b-a10b,"Benchmark publication date not stated; retrieved September11,2026",d9350740a106a1ef85f9ea343ced3a424e229b31f5333b4a8582e1f78017b545,ff43fda6c9b8661931a8c4cb6fde359f208293a0c861b567a8bb1558e0eaa9ad,830d85d3b9952587f4f23c2fe5868530ec6a9caea54edaa26da98cdc267442c5
lambda122b-lambda-8xh100-vllm,Qwen/Qwen3.5-122B-A10B,Lambda 8xH100 vLLM,native,native/122b,basic_rag,12,1.0,2.3722685277559017,1.6773716040188447,5.649744193744841,1.06,62.5,decode_tps_from_tpot,1.0913699824974563,1.074717333513545,1.130685316161369,,,,lambda122b,https://lambda.ai/inference-models/qwen/qwen3.5-122b-a10b,"Benchmark publication date not stated; retrieved September11,2026",d9350740a106a1ef85f9ea343ced3a424e229b31f5333b4a8582e1f78017b545,ff43fda6c9b8661931a8c4cb6fde359f208293a0c861b567a8bb1558e0eaa9ad,830d85d3b9952587f4f23c2fe5868530ec6a9caea54edaa26da98cdc267442c5
lambda122b-lambda-8xh100-vllm,Qwen/Qwen3.5-122B-A10B,Lambda 8xH100 vLLM,native,native/122b,iterative_text,12,1.0,8.113597531152967,8.036557228973834,13.362317233005886,1.06,62.5,decode_tps_from_tpot,3.919932979322272,4.149358312553494,5.311033319996297,,,,lambda122b,https://lambda.ai/inference-models/qwen/qwen3.5-122b-a10b,"Benchmark publication date not stated; retrieved September11,2026",d9350740a106a1ef85f9ea343ced3a424e229b31f5333b4a8582e1f78017b545,ff43fda6c9b8661931a8c4cb6fde359f208293a0c861b567a8bb1558e0eaa9ad,830d85d3b9952587f4f23c2fe5868530ec6a9caea54edaa26da98cdc267442c5
openrouter122b-alibaba,Qwen/Qwen3.5-122B-A10B,Alibaba,native,native/122b,basic_rag,12,1.0,2.3722685277559017,1.6773716040188447,5.649744193744841,0.96,99,ambiguous_reported_throughput,0.9854709925984663,0.9747173335135448,1.0129883464643992,0.9753699824974561,0.9744062710169237,0.9826853161613689,openrouter122b,https://openrouter.ai/qwen/qwen3.5-122b-a10b/benchmarks,Exact provider-table aggregation dates/window not exposed; stale cached page,d9350740a106a1ef85f9ea343ced3a424e229b31f5333b4a8582e1f78017b545,ff43fda6c9b8661931a8c4cb6fde359f208293a0c861b567a8bb1558e0eaa9ad,830d85d3b9952587f4f23c2fe5868530ec6a9caea54edaa26da98cdc267442c5
openrouter122b-alibaba,Qwen/Qwen3.5-122B-A10B,Alibaba,native,native/122b,iterative_text,12,1.0,8.113597531152967,8.036557228973834,13.362317233005886,0.96,99,ambiguous_reported_throughput,3.4553471207364126,3.6489340701292505,4.663108067471044,3.230599645988938,3.392622457947582,4.320550756205804,openrouter122b,https://openrouter.ai/qwen/qwen3.5-122b-a10b/benchmarks,Exact provider-table aggregation dates/window not exposed; stale cached page,d9350740a106a1ef85f9ea343ced3a424e229b31f5333b4a8582e1f78017b545,ff43fda6c9b8661931a8c4cb6fde359f208293a0c861b567a8bb1558e0eaa9ad,830d85d3b9952587f4f23c2fe5868530ec6a9caea54edaa26da98cdc267442c5
openrouter122b-atlascloud,Qwen/Qwen3.5-122B-A10B,AtlasCloud,native,native/122b,basic_rag,12,1.0,2.3722685277559017,1.6773716040188447,5.649744193744841,1.13,84,ambiguous_reported_throughput,1.157274744402218,1.1447173335135448,1.1883996018756546,1.1453699824974561,1.1444062710169236,1.1526853161613688,openrouter122b,https://openrouter.ai/qwen/qwen3.5-122b-a10b/benchmarks,Exact provider-table aggregation dates/window not exposed; stale cached page,d9350740a106a1ef85f9ea343ced3a424e229b31f5333b4a8582e1f78017b545,ff43fda6c9b8661931a8c4cb6fde359f208293a0c861b567a8bb1558e0eaa9ad,830d85d3b9952587f4f23c2fe5868530ec6a9caea54edaa26da98cdc267442c5
openrouter122b-atlascloud,Qwen/Qwen3.5-122B-A10B,AtlasCloud,native,native/122b,iterative_text,12,1.0,8.113597531152967,8.036557228973834,13.362317233005886,1.13,84,ambiguous_reported_throughput,4.062147265036557,4.289929741124921,5.481657129520106,3.7972663126556045,3.9876224579475816,5.077050756205804,openrouter122b,https://openrouter.ai/qwen/qwen3.5-122b-a10b/benchmarks,Exact provider-table aggregation dates/window not exposed; stale cached page,d9350740a106a1ef85f9ea343ced3a424e229b31f5333b4a8582e1f78017b545,ff43fda6c9b8661931a8c4cb6fde359f208293a0c861b567a8bb1558e0eaa9ad,830d85d3b9952587f4f23c2fe5868530ec6a9caea54edaa26da98cdc267442c5
openrouter122b-novita,Qwen/Qwen3.5-122B-A10B,Novita,native,native/122b,basic_rag,12,1.0,2.3722685277559017,1.6773716040188447,5.649744193744841,0.8,84,ambiguous_reported_throughput,0.8272747444022182,0.8147173335135449,0.8583996018756547,0.8153699824974563,0.8144062710169238,0.822685316161369,openrouter122b,https://openrouter.ai/qwen/qwen3.5-122b-a10b/benchmarks,Exact provider-table aggregation dates/window not exposed; stale cached page,d9350740a106a1ef85f9ea343ced3a424e229b31f5333b4a8582e1f78017b545,ff43fda6c9b8661931a8c4cb6fde359f208293a0c861b567a8bb1558e0eaa9ad,830d85d3b9952587f4f23c2fe5868530ec6a9caea54edaa26da98cdc267442c5
openrouter122b-novita,Qwen/Qwen3.5-122B-A10B,Novita,native,native/122b,iterative_text,12,1.0,8.113597531152967,8.036557228973834,13.362317233005886,0.8,84,ambiguous_reported_throughput,2.9621472650365575,3.134929741124922,4.013157129520107,2.697266312655605,2.8326224579475823,3.6085507562058043,openrouter122b,https://openrouter.ai/qwen/qwen3.5-122b-a10b/benchmarks,Exact provider-table aggregation dates/window not exposed; stale cached page,d9350740a106a1ef85f9ea343ced3a424e229b31f5333b4a8582e1f78017b545,ff43fda6c9b8661931a8c4cb6fde359f208293a0c861b567a8bb1558e0eaa9ad,830d85d3b9952587f4f23c2fe5868530ec6a9caea54edaa26da98cdc267442c5
openrouter122b-siliconflow,Qwen/Qwen3.5-122B-A10B,SiliconFlow,native,native/122b,basic_rag,12,1.0,2.3722685277559017,1.6773716040188447,5.649744193744841,1.49,30,ambiguous_reported_throughput,1.5387033158307897,1.5047173335135449,1.612685316161369,1.505369982497456,1.5044062710169237,1.512685316161369,openrouter122b,https://openrouter.ai/qwen/qwen3.5-122b-a10b/benchmarks,Exact provider-table aggregation dates/window not exposed; stale cached page,d9350740a106a1ef85f9ea343ced3a424e229b31f5333b4a8582e1f78017b545,ff43fda6c9b8661931a8c4cb6fde359f208293a0c861b567a8bb1558e0eaa9ad,830d85d3b9952587f4f23c2fe5868530ec6a9caea54edaa26da98cdc267442c5
openrouter122b-siliconflow,Qwen/Qwen3.5-122B-A10B,SiliconFlow,native,native/122b,iterative_text,12,1.0,8.113597531152967,8.036557228973834,13.362317233005886,1.49,30,ambiguous_reported_throughput,5.738932979322271,6.096358312553493,7.820799986662963,4.997266312655605,5.247622457947582,6.679050756205804,openrouter122b,https://openrouter.ai/qwen/qwen3.5-122b-a10b/benchmarks,Exact provider-table aggregation dates/window not exposed; stale cached page,d9350740a106a1ef85f9ea343ced3a424e229b31f5333b4a8582e1f78017b545,ff43fda6c9b8661931a8c4cb6fde359f208293a0c861b567a8bb1558e0eaa9ad,830d85d3b9952587f4f23c2fe5868530ec6a9caea54edaa26da98cdc267442c5
openrouter14b-alibaba,Qwen/Qwen3-14B,Alibaba,native,native/14b,basic_rag,12,0.0,0.8520593403227394,0.8494478960055858,0.9712688838335453,0.38,57,ambiguous_reported_throughput,0.40071014890322676,0.3959739789669402,0.4228298435359274,0.3963241839909461,0.3959739789669402,0.39914563300961164,openrouter14b,https://openrouter.ai/qwen/qwen3-14b-04-28/uptime,one-week averages of the displayed P50 series; nearby availability chart ends September10; timezone unspecified,d9350740a106a1ef85f9ea343ced3a424e229b31f5333b4a8582e1f78017b545,ff43fda6c9b8661931a8c4cb6fde359f208293a0c861b567a8bb1558e0eaa9ad,830d85d3b9952587f4f23c2fe5868530ec6a9caea54edaa26da98cdc267442c5
openrouter14b-alibaba,Qwen/Qwen3-14B,Alibaba,native,native/14b,iterative_text,12,0.0,5.172699920168573,4.903502687491709,7.914464416567352,0.38,57,ambiguous_reported_throughput,1.679050157824235,1.627893142889605,2.37211525665159,1.2380267660113697,1.171844312004978,1.5732017388930484,openrouter14b,https://openrouter.ai/qwen/qwen3-14b-04-28/uptime,one-week averages of the displayed P50 series; nearby availability chart ends September10; timezone unspecified,d9350740a106a1ef85f9ea343ced3a424e229b31f5333b4a8582e1f78017b545,ff43fda6c9b8661931a8c4cb6fde359f208293a0c861b567a8bb1558e0eaa9ad,830d85d3b9952587f4f23c2fe5868530ec6a9caea54edaa26da98cdc267442c5
openrouter14b-alibaba,Qwen/Qwen3-14B,Alibaba,prior_bounded_thinking,prior/14b_short,iterative_text,12,1.0,5.192386090255847,4.959144604014,7.6363472413097035,0.38,57,ambiguous_reported_throughput,1.7663198368011617,1.7155460503068958,2.3669270626116203,1.2502379654561324,1.1547238959907555,1.5398980072513222,openrouter14b,https://openrouter.ai/qwen/qwen3-14b-04-28/uptime,one-week averages of the displayed P50 series; nearby availability chart ends September10; timezone unspecified,d9350740a106a1ef85f9ea343ced3a424e229b31f5333b4a8582e1f78017b545,ff43fda6c9b8661931a8c4cb6fde359f208293a0c861b567a8bb1558e0eaa9ad,830d85d3b9952587f4f23c2fe5868530ec6a9caea54edaa26da98cdc267442c5
openrouter14b-alibaba,Qwen/Qwen3-14B,Alibaba,prior_bounded_thinking,prior/14b_thinking,iterative_text,12,1.0,43.31694140625283,38.43392074998701,77.48134190419223,0.38,57,ambiguous_reported_throughput,11.790643832015741,10.533830273487798,20.593087484482666,10.956111668273051,9.764512697599253,19.143262923079156,openrouter14b,https://openrouter.ai/qwen/qwen3-14b-04-28/uptime,one-week averages of the displayed P50 series; nearby availability chart ends September10; timezone unspecified,d9350740a106a1ef85f9ea343ced3a424e229b31f5333b4a8582e1f78017b545,ff43fda6c9b8661931a8c4cb6fde359f208293a0c861b567a8bb1558e0eaa9ad,830d85d3b9952587f4f23c2fe5868530ec6a9caea54edaa26da98cdc267442c5
openrouter14b-deepinfra,Qwen/Qwen3-14B,DeepInfra,native,native/14b,basic_rag,12,0.0,0.8520593403227394,0.8494478960055858,0.9712688838335453,0.83,43,ambiguous_reported_throughput,0.8521381374793181,0.8459739789669402,0.8805409818468208,0.846324183990946,0.8459739789669402,0.8491456330096115,openrouter14b,https://openrouter.ai/qwen/qwen3-14b-04-28/uptime,one-week averages of the displayed P50 series; nearby availability chart ends September10; timezone unspecified,d9350740a106a1ef85f9ea343ced3a424e229b31f5333b4a8582e1f78017b545,ff43fda6c9b8661931a8c4cb6fde359f208293a0c861b567a8bb1558e0eaa9ad,830d85d3b9952587f4f23c2fe5868530ec6a9caea54edaa26da98cdc267442c5
openrouter14b-deepinfra,Qwen/Qwen3-14B,DeepInfra,native,native/14b,iterative_text,12,0.0,5.172699920168573,4.903502687491709,7.914464416567352,0.83,43,ambiguous_reported_throughput,3.248277004009465,3.1264039548031097,4.4357219477980605,2.661067701683884,2.5218443120049776,3.3683768833539216,openrouter14b,https://openrouter.ai/qwen/qwen3-14b-04-28/uptime,one-week averages of the displayed P50 series; nearby availability chart ends September10; timezone unspecified,d9350740a106a1ef85f9ea343ced3a424e229b31f5333b4a8582e1f78017b545,ff43fda6c9b8661931a8c4cb6fde359f208293a0c861b567a8bb1558e0eaa9ad,830d85d3b9952587f4f23c2fe5868530ec6a9caea54edaa26da98cdc267442c5
openrouter14b-deepinfra,Qwen/Qwen3-14B,DeepInfra,prior_bounded_thinking,prior/14b_short,iterative_text,12,1.0,5.192386090255847,4.959144604014,7.6363472413097035,0.83,43,ambiguous_reported_throughput,3.3968464925879154,3.2483285880465935,4.436531305777675,2.712737965456132,2.504723895990755,3.339898007251322,openrouter14b,https://openrouter.ai/qwen/qwen3-14b-04-28/uptime,one-week averages of the displayed P50 series; nearby availability chart ends September10; timezone unspecified,d9350740a106a1ef85f9ea343ced3a424e229b31f5333b4a8582e1f78017b545,ff43fda6c9b8661931a8c4cb6fde359f208293a0c861b567a8bb1558e0eaa9ad,830d85d3b9952587f4f23c2fe5868530ec6a9caea54edaa26da98cdc267442c5
openrouter14b-deepinfra,Qwen/Qwen3-14B,DeepInfra,prior_bounded_thinking,prior/14b_thinking,iterative_text,12,1.0,43.31694140625283,38.43392074998701,77.48134190419223,0.83,43,ambiguous_reported_throughput,16.685076376555383,14.936869849171192,28.921463657473282,14.844708159501122,13.264696296130465,25.694486913287236,openrouter14b,https://openrouter.ai/qwen/qwen3-14b-04-28/uptime,one-week averages of the displayed P50 series; nearby availability chart ends September10; timezone unspecified,d9350740a106a1ef85f9ea343ced3a424e229b31f5333b4a8582e1f78017b545,ff43fda6c9b8661931a8c4cb6fde359f208293a0c861b567a8bb1558e0eaa9ad,830d85d3b9952587f4f23c2fe5868530ec6a9caea54edaa26da98cdc267442c5
openrouter14b-nextbit,Qwen/Qwen3-14B,NextBit,native,native/14b,basic_rag,12,0.0,0.8520593403227394,0.8494478960055858,0.9712688838335453,0.75,50,ambiguous_reported_throughput,0.771324183990946,0.7659739789669402,0.7961456330096116,0.766324183990946,0.7659739789669402,0.7691456330096116,openrouter14b,https://openrouter.ai/qwen/qwen3-14b-04-28/uptime,one-week averages of the displayed P50 series; nearby availability chart ends September10; timezone unspecified,d9350740a106a1ef85f9ea343ced3a424e229b31f5333b4a8582e1f78017b545,ff43fda6c9b8661931a8c4cb6fde359f208293a0c861b567a8bb1558e0eaa9ad,830d85d3b9952587f4f23c2fe5868530ec6a9caea54edaa26da98cdc267442c5
openrouter14b-nextbit,Qwen/Qwen3-14B,NextBit,native,native/14b,iterative_text,12,0.0,5.172699920168573,4.903502687491709,7.914464416567352,0.75,50,ambiguous_reported_throughput,2.912734368350551,2.801752792012412,3.965466133844573,2.407734368350551,2.281844312004978,3.0483768833539218,openrouter14b,https://openrouter.ai/qwen/qwen3-14b-04-28/uptime,one-week averages of the displayed P50 series; nearby availability chart ends September10; timezone unspecified,d9350740a106a1ef85f9ea343ced3a424e229b31f5333b4a8582e1f78017b545,ff43fda6c9b8661931a8c4cb6fde359f208293a0c861b567a8bb1558e0eaa9ad,830d85d3b9952587f4f23c2fe5868530ec6a9caea54edaa26da98cdc267442c5
openrouter14b-nextbit,Qwen/Qwen3-14B,NextBit,prior_bounded_thinking,prior/14b_short,iterative_text,12,1.0,5.192386090255847,4.959144604014,7.6363472413097035,0.75,50,ambiguous_reported_throughput,3.041071298789466,2.904142541534966,3.9628568871730234,2.4527379654561323,2.2647238959907554,3.019898007251322,openrouter14b,https://openrouter.ai/qwen/qwen3-14b-04-28/uptime,one-week averages of the displayed P50 series; nearby availability chart ends September10; timezone unspecified,d9350740a106a1ef85f9ea343ced3a424e229b31f5333b4a8582e1f78017b545,ff43fda6c9b8661931a8c4cb6fde359f208293a0c861b567a8bb1558e0eaa9ad,830d85d3b9952587f4f23c2fe5868530ec6a9caea54edaa26da98cdc267442c5
openrouter14b-nextbit,Qwen/Qwen3-14B,NextBit,prior_bounded_thinking,prior/14b_thinking,iterative_text,12,1.0,43.31694140625283,38.43392074998701,77.48134190419223,0.75,50,ambiguous_reported_throughput,14.468874826167786,12.956637291031656,25.056789238868628,12.80470815950112,11.446091644967673,22.13678923886863,openrouter14b,https://openrouter.ai/qwen/qwen3-14b-04-28/uptime,one-week averages of the displayed P50 series; nearby availability chart ends September10; timezone unspecified,d9350740a106a1ef85f9ea343ced3a424e229b31f5333b4a8582e1f78017b545,ff43fda6c9b8661931a8c4cb6fde359f208293a0c861b567a8bb1558e0eaa9ad,830d85d3b9952587f4f23c2fe5868530ec6a9caea54edaa26da98cdc267442c5
openrouter8b-alibaba,Qwen/Qwen3-8B,Alibaba (inferred; cached model-level series),prior_bounded_thinking,prior/8b_short,iterative_text,12,0.0,2.4851963679199494,2.0753615830035415,4.921561483311233,0.73,43,ambiguous_reported_throughput,2.724603724297386,2.6215993176593155,4.33075118202638,2.083557212669479,2.202889687990537,2.8835651355147522,openrouter8b,https://openrouter.ai/qwen/qwen3-8b/pricing,one-week averages of the displayed P50 series; nearby availability chart ends September10 11AM; timezone unspecified,d9350740a106a1ef85f9ea343ced3a424e229b31f5333b4a8582e1f78017b545,ff43fda6c9b8661931a8c4cb6fde359f208293a0c861b567a8bb1558e0eaa9ad,830d85d3b9952587f4f23c2fe5868530ec6a9caea54edaa26da98cdc267442c5
openrouter8b-alibaba,Qwen/Qwen3-8B,Alibaba (inferred; cached model-level series),prior_bounded_thinking,prior/8b_thinking,iterative_text,12,0.0,24.416340399329783,21.24904741649516,41.71998424392077,0.73,43,ambiguous_reported_throughput,17.137235812460478,14.924169712065458,28.647356000787926,15.464910231065131,13.510681339972436,25.82037925660188,openrouter8b,https://openrouter.ai/qwen/qwen3-8b/pricing,one-week averages of the displayed P50 series; nearby availability chart ends September10 11AM; timezone unspecified,d9350740a106a1ef85f9ea343ced3a424e229b31f5333b4a8582e1f78017b545,ff43fda6c9b8661931a8c4cb6fde359f208293a0c861b567a8bb1558e0eaa9ad,830d85d3b9952587f4f23c2fe5868530ec6a9caea54edaa26da98cdc267442c5
